week,sentiment_mean,sentiment_std,subjectivity_mean,subjectivity_std,counting
2026-27,-0.0014088724702920109,0.9834584308451957,0.11409724538495204,0.9497251563946595,242.0
2026-28,0.026938859137220904,0.8959968568108059,-0.08455948471502324,0.943324620310177,251.0
2026-29,0.03302777643354194,0.9143866337800202,-0.08830166007326633,0.9322206138399587,396.0
2026-30,-0.053844826929122305,0.9342504595380905,-0.08382693639457674,0.9131726772747689,256.0
2026-31,-0.028682133589140246,0.84077220700115,0.128212433572719,0.9728765113671971,179.0
2026-32,0.08020427837430638,0.9444770794756624,0.0984170479548295,0.9467603095831638,272.0
2026-33,0.05034239438906141,1.0553591143470833,0.018210103671491597,1.0125642383761884,240.0
2026-34,-0.14129780279777115,1.0714343541560643,0.04013562806585208,1.0477887471961376,236.0
2026-35,-0.07783984880166553,0.8594877787974586,0.05013006646150206,0.9078845363562367,342.0
2026-36,0.0684163317952089,1.025636414272057,0.052641841697638164,0.9701513566173746,214.0
2026-37,0.1127905480001094,0.8553729373090901,0.0012466926232571921,0.9459993129661858,143.0
2026-38,0.06452530728208482,0.9003230532424215,0.0685706688513835,0.9434065633676852,90.0
2026-39,0.039060099776615634,1.0440663890521342,0.20370796201905145,0.7706509952554693,75.0
