,phrase,label,sentiment,subjectivity,language,count
Ukraine,,,,,,
Russia,,,,,,
Iran,,,,,,
US,,,,,,
China,,,,,,
U.S.,,,,,,
Moscow,,,,,,
Nepal,,,,,,
Kyiv,,,,,,
Europe,,,,,,
UK,,,,,,
Israel,,,,,,
India,,,,,,
the United States,,,,,,
Tibet,,,,,,
Yemen,,,,,,
MOSCOW,,,,,,
Donetsk,,,,,,
Tehran,,,,,,
England,,,,,,
Donbass,,,,,,
Kiev,,,,,,
France,,,,,,
Spain,,,,,,
the Strait of Hormuz,,,,,,
Germany,,,,,,
Washington,,,,,,
Sputnik,,,,,,
Gaza,,,,,,
Pakistan,,,,,,
Saudi Arabia,,,,,,
WASHINGTON,,,,,,
Odesa,,,,,,
Britain,,,,,,
Arctic,,,,,,
London,,,,,,
Canada,,,,,,
Odessa,,,,,,
the Middle East,,,,,,
Miami,,,,,,
Egypt,,,,,,
Black Sea,,,,,,
Italy,,,,,,
Nigeria,,,,,,
America,,,,,,
Norway,,,,,,
Oman,,,,,,
CAIRO,,,,,,
Turkey,,,,,,
Argentina,,,,,,
LONDON,,,,,,
the Black Sea,,,,,,
Iceland,,,,,,
Taiwan,,,,,,
Cairo,,,,,,
Poland,,,,,,
The United States,,,,,,
Mumbai,,,,,,
DUBAI,,,,,,
Red Sea,,,,,,
Japan,,,,,,
Australia,,,,,,
Gulf,,,,,,
Middle East,,,,,,
Niger,,,,,,
Sweden,,,,,,
Los Angeles,,,,,,
U.K.,,,,,,
Qingdao,,,,,,
Africa,,,,,,
Beijing,,,,,,
Paris,,,,,,
Mali,,,,,,
the Red Sea,,,,,,
Hormuz,,,,,,
Texas,,,,,,
North Korea,,,,,,
New York,,,,,,
Ankara,,,,,,
South Korea,,,,,,
Romania,,,,,,
Asia,,,,,,
Hong Kong,,,,,,
Ireland,,,,,,
Greenland,,,,,,
Sahel,,,,,,
Manchester,,,,,,
the Caspian Sea,,,,,,
United States,,,,,,
BEIJING,,,,,,
Laos,,,,,,
Switzerland,,,,,,
Iraq,,,,,,
Zaporizhzhia,,,,,,
West,,,,,,
Wales,,,,,,
Mexico,,,,,,
Bahrain,,,,,,
Syria,,,,,,
Houthis,,,,,,
Dubai,,,,,,
Senegal,,,,,,
Venezuela,,,,,,
Caspian Sea,,,,,,
Kazakhstan,,,,,,
Hungary,,,,,,
Singapore,,,,,,
Berlin,,,,,,
Morocco,,,,,,
Crimea,,,,,,
Cuba,,,,,,
South Africa,,,,,,
Belgium,,,,,,
Kharkov,,,,,,
Pacific,,,,,,
Lebanon,,,,,,
Mideast,,,,,,
New Delhi,,,,,,
Abuja,,,,,,
Zambia,,,,,,
Tokyo,,,,,,
Scotland,,,,,,
Chinas,,,,,,
Qatar,,,,,,
Georgia,,,,,,
Kuwait,,,,,,
Netherlands,,,,,,
Brazil,,,,,,
Colombia,,,,,,
Portugal,,,,,,
Greece,,,,,,
HONG KONG,,,,,,
NEW YORK,,,,,,
Sudan,,,,,,
California,,,,,,
Copenhagen,,,,,,
Paraguay,,,,,,
RIYADH,,,,,,
Chernomorsk,,,,,,
Burkina,,,,,,
Thailand,,,,,,
the Sea of Azov,,,,,,
Liverpool,,,,,,
Pyongyang,,,,,,
Konstantinovka,,,,,,
USA,,,,,,
Americas,,,,,,
Jordan,,,,,,
Philippines,,,,,,
Bahamas,,,,,,
Pickaxe Mountain,,,,,,
Mediterranean,,,,,,
SEOUL,,,,,,
Strait of Hormuz,,,,,,
Manchester City,,,,,,
QINGDAO,,,,,,
Earth,,,,,,
Nairobi,,,,,,
the United Kingdom,,,,,,
Serbia,,,,,,
Novorossiysk,,,,,,
Strait,,,,,,
Tuvalu,,,,,,
Niger State,,,,,,
Türkiye,,,,,,
Kathmandu,,,,,,
Saudi Arabia's,,,,,,
Arizona,,,,,,
Malaysia,,,,,,
Afghanistan,,,,,,
Manila,,,,,,
Himalayas,,,,,,
Chicago,,,,,,
the West Bank,,,,,,
Hollywood,,,,,,
United Arab Emirates,,,,,,
Faso,,,,,,
Kosovo,,,,,,
Finland,,,,,,
Leipzig,,,,,,
San Francisco,,,,,,
Kharg Island,,,,,,
Riyadh,,,,,,
the United Arab Emirates,,,,,,
West Bank,,,,,,
Belarus,,,,,,
Zaporozhye Region,,,,,,
Dnepropetrovsk,,,,,,
Vienna,,,,,,
Atlantic,,,,,,
Vietnam,,,,,,
Rome,,,,,,
Lithuania,,,,,,
DC,,,,,,
Antarctica,,,,,,
Indonesia,,,,,,
Ukrai,,,,,,
Niamey,,,,,,
the Gaza Strip,,,,,,
Tel Aviv,,,,,,
Philadelphia,,,,,,
Marib,,,,,,
Cyprus,,,,,,
the Republic of Ireland,,,,,,
Helsinki,,,,,,
Palestine,,,,,,
Denmark,,,,,,
Liechtenstein,,,,,,
russia,,,,,,
Brussels,,,,,,
North Korea's,,,,,,
UKRAINE,,,,,,
Strasbourg,,,,,,
LOS ANGELES,,,,,,
Mokha,,,,,,
Ceuta,,,,,,
Panama,,,,,,
Monaco,,,,,,
New York City,,,,,,
Dallas,,,,,,
Seoul,,,,,,
Barcelona,,,,,,
Tatarstan,,,,,,
MIAMI,,,,,,
Sumy,,,,,,
Yuzhny,,,,,,
Latvia,,,,,,
Ukr,,,,,,
Starlink,,,,,,
Munich,,,,,,
Guinea,,,,,,
BANGKOK,,,,,,
Chile,,,,,,
Alaska,,,,,,
U.S,,,,,,
Myanmar,,,,,,
Michigan,,,,,,
Ivory Coast,,,,,,
Northern Ireland,,,,,,
militar,,,,,,
BEIRUT,,,,,,
Suriname,,,,,,
Somalia,,,,,,
UAE,,,,,,
Ukrain,,,,,,
Africa Corps,,,,,,
Kherson,,,,,,
Bolivia,,,,,,
ISTANBUL,,,,,,
Atlanta,,,,,,
Santiago,,,,,,
Rasuwa,,,,,,
PARIS,,,,,,
Taipei,,,,,,
Bishkek,,,,,,
nubia,,,,,,
New Zealand,,,,,,
KIEV,,,,,,
Kremlin,,,,,,
Lake Ontario,,,,,,
Austin,,,,,,
MUMBAI,,,,,,
Guatemala,,,,,,
Eldense,,,,,,
KYIV,,,,,,
Florida,,,,,,
Bulgaria,,,,,,
New Caledonia,,,,,,
Odessa Region,,,,,,
Geneva,,,,,,
Zaporozhye,,,,,,
BUCHAREST,,,,,,
Kramatorsk,,,,,,
Europes,,,,,,
D.C.,,,,,,
the Islamic Republic,,,,,,
Izmail,,,,,,
Shanghai,,,,,,
Madrid,,,,,,
BERLIN,,,,,,
Yemens,,,,,,
Belgrade,,,,,,
Normandy,,,,,,
Estonia,,,,,,
MANAMA,,,,,,
Sussex,,,,,,
GENEVA,,,,,,
the Persian Gulf,,,,,,
Beirut,,,,,,
Alicante,,,,,,
Pacific island,,,,,,
Nepals,,,,,,
WASHINGTON/,,,,,,
Moldova,,,,,,
COPENHAGEN,,,,,,
Liberia,,,,,,
Sloviansk,,,,,,
New Jersey,,,,,,
SHANGHAI,,,,,,
Venice,,,,,,
TAIPEI,,,,,,
Glasgow,,,,,,
Gazprom,,,,,,
Abu Dhabi,,,,,,
Geran,,,,,,
Algeria,,,,,,
Tiananmen,,,,,,
Burkina Faso,,,,,,
Benin,,,,,,
Mecca,,,,,,
Dublin,,,,,,
HYDERABAD,,,,,,
Stockholm,,,,,,
Manhattan,,,,,,
Kashmir,,,,,,
Bamako,,,,,,
Oleksandrivka,,,,,,
San Jose,,,,,,
Chilime,,,,,,
Pacific Island,,,,,,
Kerung,,,,,,
Ipswich,,,,,,
Bhutan,,,,,,
Eurasia,,,,,,
Svalbard,,,,,,
Manama,,,,,,
Northern Sea Route,,,,,,
Saxony,,,,,,
Athens,,,,,,
the Balearic Islands,,,,,,
Kuala Lumpur,,,,,,
Oslo,,,,,,
Macao,,,,,,
Hadramout,,,,,,
Tunisia,,,,,,
Onomondo,,,,,,
New York's,,,,,,
Silicon Valley,,,,,,
Uttarakhand,,,,,,
Stonehenge,,,,,,
Russi,,,,,,
Zircon,,,,,,
Ottawa,,,,,,
Persian Gulf,,,,,,
senegal,,,,,,
Equatorial Guinea,,,,,,
Korea,,,,,,
SINGAPORE,,,,,,
OSLO,,,,,,
Western Europe,,,,,,
Ghana,,,,,,
Baghdad,,,,,,
the Galapagos Islands,,,,,,
Chernobyl,,,,,,
Kenya,,,,,,
West Africa,,,,,,
Southeast Asia,,,,,,
Austria,,,,,,
Shenzhen,,,,,,
Rostov,,,,,,
West Ham,,,,,,
NEW DELHI,,,,,,
Milan,,,,,,
Napoli,,,,,,
Shinsegae,,,,,,
the Atlantic Ocean,,,,,,
Maldives,,,,,,
Aramco,,,,,,
Kyrgyzstan,,,,,,
Nigerien,,,,,,
Washington DC,,,,,,
ABUJA,,,,,,
GLASGOW,,,,,,
Chaiky,,,,,,
Lake America,,,,,,
South Pacific,,,,,,
Peru,,,,,,
Frankfurt,,,,,,
Grey Gardens,,,,,,
Naftogaz,,,,,,
Ukraines,,,,,,
Kent,,,,,,
Kharkiv,,,,,,
Havana,,,,,,
Dnipropetrovsk,,,,,,
Tampa,,,,,,
South Carolina,,,,,,
Birmingham,,,,,,
Nicaragua,,,,,,
Magyar,,,,,,
Omsk,,,,,,
Baltics,,,,,,
North America,,,,,,
East,,,,,,
ANKARA,,,,,,
Sheffield,,,,,,
The United Kingdom,,,,,,
Mississippi,,,,,,
the Soviet Union,,,,,,
Warsaw,,,,,,
Best Korea,,,,,,
Belgorod,,,,,,
Saqqara,,,,,,
Gaza City,,,,,,
USS Washington,,,,,,
Golestan province,,,,,,
the Danube River,,,,,,
Andrevskaya,,,,,,
the Islamic Republic of Iran,,,,,,
Edgbaston,,,,,,
Hampshire,,,,,,
Paris St-Germain,,,,,,
Indias,,,,,,
Ecuador,,,,,,
Novosoloshino,,,,,,
Vegas,,,,,,
Seattle,,,,,,
the Ural Mountains,,,,,,
Taiwan Strait,,,,,,
Delhi,,,,,,
Haldwani,,,,,,
Brovary,,,,,,
the Trishuli valley,,,,,,
the Bhotekoshi River,,,,,,
Korala,,,,,,
Lake Chad Basin,,,,,,
Holland,,,,,,
BRATISLAVA,,,,,,
Moldovan,,,,,,
Roman Catholic Italy,,,,,,
Democratic Republic of the Congo,,,,,,
Nikolaev,,,,,,
Fla.,,,,,,
Icelandic coast,,,,,,
CHICAGO,,,,,,
Fifa,,,,,,
The Netherlands,,,,,,
Bellingham,,,,,,
LAUSANNE,,,,,,
Damascus,,,,,,
San Diego County,,,,,,
the Gulf of Aden,,,,,,
Sichuan,,,,,,
Melbourne,,,,,,
Foxborough,,,,,,
consequ,,,,,,
ASHEVILLE,,,,,,
Kansas City (USA,,,,,,
LASK,,,,,,
Bab el-Mandeb Strait,,,,,,
British Columbia,,,,,,
Dakotas,,,,,,
eastern Zaporizhzhia,,,,,,
ADEN,,,,,,
Anadolu,,,,,,
the Middle East's,,,,,,
the Northern Sea Route,,,,,,
Alberta,,,,,,
CALGARY,,,,,,
Punjab,,,,,,
Thursda,,,,,,
UBS,,,,,,
Manchester United,,,,,,
Tartous,,,,,,
Alibaba,,,,,,
Pattaya,,,,,,
Oleksandrivskyi,,,,,,
Florence,,,,,,
Trishuli River,,,,,,
Qalandia,,,,,,
PANAMA CITY,,,,,,
Massachusetts,,,,,,
May.,,,,,,
Ouagadougou,,,,,,
Gibraltar,,,,,,
Temasek,,,,,,
Bagmati,,,,,,
Golestan,,,,,,
the Arctic Circle,,,,,,
Sea of Azov,,,,,,
Jaffa,,,,,,
Baku,,,,,,
Americ,,,,,,
Vientiane,,,,,,
Va.,,,,,,
East Jerusalem,,,,,,
The Kingdom of Bahrain,,,,,,
the North West,,,,,,
Cornwall,,,,,,
Rostov Region,,,,,,
VLADIVOSTOK,,,,,,
Gainesville,,,,,,
Nordic,,,,,,
Eur,,,,,,
San Diego,,,,,,
Delta,,,,,,
Sahel States,,,,,,
Mount Everest,,,,,,
the State of Israel,,,,,,
CJI,,,,,,
Moscow Region,,,,,,
Amsterdam,,,,,,
Manchester City’s,,,,,,
Jazan,,,,,,
Saudi Aramco's,,,,,,
Obolon,,,,,,
Eindhoven,,,,,,
Bengaluru,,,,,,
Philipsburg,,,,,,
Sint Maarten,,,,,,
Judea,,,,,,
Saint-Louis,,,,,,
Congo,,,,,,
Berkeley County,,,,,,
Bangkok,,,,,,
Atletico Madrid,,,,,,
the South Asia,,,,,,
United Kingdom,,,,,,
South Yorkshire,,,,,,
the Russian republic,,,,,,
Nizhnekamsk,,,,,,
Barbican,,,,,,
the Donetsk People’s Republic,,,,,,
Guangzhou,,,,,,
Doha,,,,,,
Prague,,,,,,
Lviv,,,,,,
the Svalbard archipelago,,,,,,
ATHENS,,,,,,
Runcorn,,,,,,
Mexico City,,,,,,
MANPADS,,,,,,
Bali,,,,,,
Yerevan,,,,,,
AUSTIN,,,,,,
Bangladesh,,,,,,
Melitopol,,,,,,
Nevada,,,,,,
BELARUS,,,,,,
Krasnodar,,,,,,
Central Park,,,,,,
Kill Zone,,,,,,
CALIFORNIA,,,,,,
Tahiti,,,,,,
French Polynesia,,,,,,
Costa Rica,,,,,,
Maryland,,,,,,
the Dominican Republic,,,,,,
Honduras,,,,,,
the Northern Hemisphere,,,,,,
Zaporizhzh,,,,,,
WASHINGTON/DUBAI,,,,,,
Essex,,,,,,
Bucharest,,,,,,
mumbai,,,,,,
Newcastle,,,,,,
SCOTLAND,,,,,,
BRUSSELS,,,,,,
foodtech,,,,,,
Islamabad,,,,,,
South Asia,,,,,,
Latin America,,,,,,
Porto,,,,,,
Battlegroup Tsentr,,,,,,
Maryevka,,,,,,
SARAJEVO,,,,,,
Southeast,,,,,,
Blue Stream,,,,,,
Tanganyika,,,,,,
Pristina,,,,,,
Jamaica,,,,,,
Sandy Cay,,,,,,
Nassau,,,,,,
The Arctic Ocean,,,,,,
Stretford,,,,,,
Puerto Rico,,,,,,
Podorozhnya,,,,,,
Fresh Tactic,,,,,,
the Republic of Kazakhstan,,,,,,
Caribbean,,,,,,
Jakobson,,,,,,
Bitkom,,,,,,
the United States Geological Survey,,,,,,
Hindi,,,,,,
Hakone,,,,,,
Accor,,,,,,
Glacial lake,,,,,,
Donbas,,,,,,
DAKAR,,,,,,
Irania,,,,,,
MANILA,,,,,,
NYC,,,,,,
Plymouth,,,,,,
the South Pacific,,,,,,
Harris County,,,,,,
Himachal Pradesh,,,,,,
Balkans,,,,,,
Kerala,,,,,,
Pennsylvania,,,,,,
Agra,,,,,,
St. Petersburg,,,,,,
Rajasthan,,,,,,
earth,,,,,,
Belo Horizonte,,,,,,
Rasuwa district,,,,,,
Caribbean coast,,,,,,
Longyearbyen,,,,,,
Valencia,,,,,,
trans-Arctic,,,,,,
VIENTIANE,,,,,,
Southern Africa,,,,,,
Perm,,,,,,
Cambodia,,,,,,
the Kerch Strait,,,,,,
Russias,,,,,,
Ryazan,,,,,,
the Sumy region,,,,,,
Gironde,,,,,,
VIENNA,,,,,,
The Caspian Sea,,,,,,
Warrington,,,,,,
Northeast,,,,,,
Stoke City,,,,,,
Lahore,,,,,,
kingdom,,,,,,
Western Sahara,,,,,,
Slavyansk,,,,,,
the AWS Europe,,,,,,
Delta State,,,,,,
Hackaday Europe,,,,,,
New-Bussa,,,,,,
Valletta,,,,,,
Malta,,,,,,
Libya,,,,,,
Saudi Arabia’s,,,,,,
LAGOS,,,,,,
The United Arab Emirates,,,,,,
pakistan,,,,,,
The United Arab Emirates',,,,,,
Dingolfing,,,,,,
Elektrostal,,,,,,
Yaroslavl,,,,,,
Huggel,,,,,,
the Republic of Niger,,,,,,
Asheville,,,,,,
Armenia,,,,,,
Gwembe Valley,,,,,,
Randhawa,,,,,,
Dhruv Kapila,,,,,,
A.,,,,,,
Scottish Highlands,,,,,,
Douala,,,,,,
the Central African Republic,,,,,,
Linsbauer,,,,,,
Tuscany,,,,,,
Canberra,,,,,,
Gyirong County,,,,,,
the Yangtze River,,,,,,
MONTEGO BAY,,,,,,
Liaoning province,,,,,,
papeete,,,,,,
Zambias,,,,,,
el-Sisi,,,,,,
AWS Europe,,,,,,
glacial lake,,,,,,
Taganrog Bay,,,,,,
Colorado,,,,,,
East Midlands,,,,,,
EU,,,,,,
Stansted,,,,,,
High Mountain Asia,,,,,,
Washing,,,,,,
WASHINGTON/CAIRO,,,,,,
Gloucester,,,,,,
DHADING,,,,,,
Nebraska,,,,,,
Reykjavik,,,,,,
N.C.,,,,,,
Jakarta,,,,,,
the West,,,,,,
Istanbul,,,,,,
Modi,,,,,,
PETERSBURG,,,,,,
New US,,,,,,
huma,,,,,,
Druzhkovka,,,,,,
suppo,,,,,,
Cameroon,,,,,,
Grand Canyon,,,,,,
overf,,,,,,
Mount Kailash,,,,,,
Ruzzia,,,,,,
the Pacific Islands Forum,,,,,,
Pacific Islands Forum,,,,,,
Virginia,,,,,,
KONG,,,,,,
Ningbo-Zhoushan,,,,,,
Yangshan,,,,,,
Hong Kong’s,,,,,,
Kondensat,,,,,,
Aston Villa,,,,,,
Waigaoqiao,,,,,,
Middlesbrough,,,,,,
Ne,,,,,,
Syfrubesi,,,,,,
GAZA CITY,,,,,,
ST.,,,,,,
Canton,,,,,,
EEA,,,,,,
the Africa Corps,,,,,,
the Czech Republic,,,,,,
Moon,,,,,,
east coast,,,,,,
SAN JUAN,,,,,,
Al Capone,,,,,,
Kremenchug,,,,,,
Southwark,,,,,,
Tibet Flood Relief,,,,,,
the United S,,,,,,
Dubai Creek,,,,,,
ZNPP,,,,,,
the South China Sea,,,,,,
Fla,,,,,,
Briton,,,,,,
fe,,,,,,
AMMAN,,,,,,
the United Arab E,,,,,,
Kaliningrad,,,,,,
Capital,,,,,,
IRVING,,,,,,
desert valley,,,,,,
Taangahar,,,,,,
Siberia,,,,,,
The Czech Republic,,,,,,
Houston,,,,,,
New Dan-T,,,,,,
Sumy Regions,,,,,,
Iberia,,,,,,
Vien,,,,,,
energ,,,,,,
El Gaia,,,,,,
Olkhovatka,,,,,,
Budapest,,,,,,
weaponizin,,,,,,
Savona,,,,,,
Regensburg,,,,,,
Rinkeby,,,,,,
Glasg,,,,,,
MoscowThe,,,,,,
Tidö bloc,,,,,,
Viking,,,,,,
futur,,,,,,
Colorado River,,,,,,
Cheshire,,,,,,
Wethersfield,,,,,,
Gulf States,,,,,,
Khrakov,,,,,,
LAS MINAS,,,,,,
ROME,,,,,,
Man City,,,,,,
the Kings of Manchester,,,,,,
City,,,,,,
Rothesay Test,,,,,,
Togo,,,,,,
Lome,,,,,,
Perim island,,,,,,
the Bab el-Mandeb Strait,,,,,,
BAGHDAD,,,,,,
Miss USA,,,,,,
States,,,,,,
Ljubljana,,,,,,
Nauru,,,,,,
Jerusalem,,,,,,
Chernyakov,,,,,,
the Democratic Republic of Congo,,,,,,
the south east,,,,,,
Russophobic West,,,,,,
Gloucestershire,,,,,,
Hegseth mount,,,,,,
Agroeconomy,,,,,,
U.S.–Iran,,,,,,
Spains,,,,,,
Bears,,,,,,
Raphinha,,,,,,
SANDY CAY,,,,,,
BAHAMAS,,,,,,
Novaya Kazachya,,,,,,
the Dnipro river,,,,,,
Hostomel,,,,,,
Oleshky,,,,,,
Ukraini,,,,,,
the Dnipro River,,,,,,
Parl,,,,,,
disrup,,,,,,
- Kiev,,,,,,
Lansing,,,,,,
Fiji,,,,,,
the “Russophobic West,,,,,,
Kandahar,,,,,,
Saint-Pierre-et-Miquelon,,,,,,
Tileyard,,,,,,
Rosatom,,,,,,
Alabuga Special Economic Zone,,,,,,
Tamil Nadu’s,,,,,,
Papeete,,,,,,
Irelands,,,,,,
Zurich,,,,,,
Bangalore,,,,,,
Pristina as Republic of Ireland,,,,,,
Mo…,,,,,,
The Republic of Irelands Nations League,,,,,,
BELGRADE,,,,,,
the Republic of Ireland's,,,,,,
Azerbaijan,,,,,,
Bouake,,,,,,
Crewe,,,,,,
Marseille,,,,,,
Costa Smeralda,,,,,,
et al,,,,,,
Branson,,,,,,
the Khumbu Glacier,,,,,,
San Andreas,,,,,,
Cascadia,,,,,,
Le·gal,,,,,,
CHINA,,,,,,
Mega-Dam,,,,,,
Palau,,,,,,
intermitte,,,,,,
Nice,,,,,,
the Canary Islands,,,,,,
Nuwakot,,,,,,
pe…,,,,,,
NEPAL,,,,,,
the Bagmati River,,,,,,
Suez,,,,,,
Assam,,,,,,
Gyirong,,,,,,
BERLIN Germany's,,,,,,
Mount Qomolangma,,,,,,
economi,,,,,,
Gyirong county,,,,,,
the Teesta Valley,,,,,,
Gumel,,,,,,
Jigawa State,,,,,,
the Ali al-Taher Ridge,,,,,,
the Security Zone,,,,,,
Thai beach city,,,,,,
Canary Islands,,,,,,
Spains Canary Islands,,,,,,
Gambia,,,,,,
Niger Republic,,,,,,
the Niger Republic,,,,,,
Versova beach,,,,,,
Trishu,,,,,,
ma,,,,,,
FRANKFURT,,,,,,
Saxony-Anhalt,,,,,,
Gangtok,,,,,,
Sikkim glacial,,,,,,
Alternative für Deutschland,,,,,,
Pearl River Delta,,,,,,
the Middle…,,,,,,
Surrey,,,,,,
The New Republic,,,,,,
England Born,,,,,,
MACAO,,,,,,
MANCHESTER,,,,,,
Saudi Ar…,,,,,,
Gaza Strip,,,,,,
Tala Ramadan,,,,,,
Zelensky,,,,,,
the Russian Arctic,,,,,,
Mokha ADEN,,,,,,
People’s Republic,,,,,,
Zorevka,,,,,,
Novogrishino,,,,,,
the Donetsk People's Republic,,,,,,
Key Strait,,,,,,
evalu,,,,,,
Madeira,,,,,,
SUZHOU,,,,,,
Hertogenbosch,,,,,,
friendshi,,,,,,
Niger Accuses,,,,,,
Arcadia,,,,,,
new Gulf,,,,,,
UPA,,,,,,
the Tumen River,,,,,,
the Tumen river,,,,,,
‌something,,,,,,
the Jordan Valley,,,,,,
South China Sea,,,,,,
Alpine crossing,,,,,,
ori,,,,,,
Fars,,,,,,
Falconets,,,,,,
Meridiam,,,,,,
Nicosia,,,,,,
a Liberal Paradise,,,,,,
the Islamic Republic's,,,,,,
Nikolayev,,,,,,
Ituri,,,,,,
Osaka,,,,,,
the Nigerian Plateau,,,,,,
Maine,,,,,,
Fulton County,,,,,,
Falkland Islands ',,,,,,
Ukrainian,,,,,,
Rwanda,,,,,,
Naples,,,,,,
SEVILLE,,,,,,
Stavanger,,,,,,
le…,,,,,,
kolkata,,,,,,
li>'Motorcycle,,,,,,
institut,,,,,,
Icelandic,,,,,,
Alaska Highway,,,,,,
Delta Junction,,,,,,
Dawson Creek,,,,,,
Las Vegas,,,,,,
Zaporizhz,,,,,,
the Barents Sea,,,,,,
Herschel Island,,,,,,
ISLAMABAD,,,,,,
Kentucky,,,,,,
the McMurdo Dry Valleys of Antarctica,,,,,,
Minnesota,,,,,,
Antigua,,,,,,
LAOS,,,,,,
Christchurch,,,,,,
the Falkland Islands,,,,,,
the Greater Mekong Subregion,,,,,,
Kansas,,,,,,
Los Angeles',,,,,,
Rabat,,,,,,
Nagurskoye,,,,,,
Camacari,,,,,,
Bahia State,,,,,,
BORDEAUX,,,,,,
Far North,,,,,,
Anchorage,,,,,,
Altadena,,,,,,
Freeport,,,,,,
Jehovah,,,,,,
morti e,,,,,,
The United Arab…,,,,,,
the Taylor Glacier,,,,,,
Lake Bonney,,,,,,
Crimean,,,,,,
selectWest Coast/Texas Cities,,,,,,
East Rutherford,,,,,,
North Koreas,,,,,,
ISLAMABAD Pakistan's,,,,,,
Jazeera,,,,,,
Czarist Russia,,,,,,
French Republic,,,,,,
Gaza war,,,,,,
Bitcoin,,,,,,
Antarctic,,,,,,
Sumy Region - Military,,,,,,
Akhtyrka,,,,,,
Eastern Panhandle city,,,,,,
W.Va,,,,,,
san,,,,,,
MARTINSBURG,,,,,,
Ky,,,,,,
Taiz city,,,,,,
LUCERNE,,,,,,
the United Ara,,,,,,
Cape … CAPE,,,,,,
the Pacific Northwest,,,,,,
Baffin Island,,,,,,
Spokane,,,,,,
the Barnes Ice Cap,,,,,,
Canadian Arctic,,,,,,
Continental Wildlife Corridors,,,,,,
the Sahara Desert,,,,,,
the Gobi Desert,,,,,,
Crescent Lake,,,,,,
Gobi Desert,,,,,,
Dunhuang,,,,,,
Gansu Province,,,,,,
St Petersburg,,,,,,
Tver,,,,,,
Channel,,,,,,
North Sea,,,,,,
Al Khasab,,,,,,
Ukrinform,,,,,,
Danube River's,,,,,,
Southern California Edison,,,,,,
Los Angeles County,,,,,,
Argentinas,,,,,,
Shanxi,,,,,,
Storrs,,,,,,
Darfur,,,,,,
Simferopol,,,,,,
ManilaAl,,,,,,
KUALA LUMPUR,,,,,,
Kuala Lumpur's,,,,,,
the Gulf of Finland,,,,,,
Pakist,,,,,,
Saint Petersburg,,,,,,
Ma,,,,,,
Corn Ship Off,,,,,,
The Black Sea,,,,,,
Orlando City,,,,,,
Leningrad Region,,,,,,
Himalayan kingdom,,,,,,
Black Sea Logistics,,,,,,
Chonhar,,,,,,
Rheinmetall,,,,,,
Germanys,,,,,,
alle,,,,,,
Yorkshire,,,,,,
Wildberries,,,,,,
South Ch…,,,,,,
the Horn of Africa,,,,,,
Burundi,,,,,,
Tel Aviv's,,,,,,
Southern California,,,,,,
Minab,,,,,,
Druzkhivka,,,,,,
Sapporo,,,,,,
Miyajima,,,,,,
the Gulf region,,,,,,
Nunavut,,,,,,
Neptune,,,,,,
Trondheim,,,,,,
MEXICO CITY,,,,,,
Uzbekistan,,,,,,
Azov,,,,,,
Black Sea Ports,,,,,,
particularl,,,,,,
Horn,,,,,,
Eritrea,,,,,,
Tel Aviv’s,,,,,,
Palestini,,,,,,
the Horn of Africa's,,,,,,
U.K,,,,,,
Boreas,,,,,,
Trum,,,,,,
Ukraines Kherson,,,,,,
Berlin Pr,,,,,,
LGBTQ+,,,,,,
the Black Sea Coast,,,,,,
Hit Germany,,,,,,
Kazakhstan - Kremlin,,,,,,
The America… The United States,,,,,,
Waterford Township,,,,,,
Rs,,,,,,
Petro-Ivanovka,,,,,,
Tambov,,,,,,
Kostyantynivka,,,,,,
Saipem,,,,,,
Chekhov,,,,,,
Kerch Strait,,,,,,
Iranian Ship,,,,,,
Eastern Europe,,,,,,
This Sea,,,,,,
Kotovsk,,,,,,
Yuncheng,,,,,,
western Europe,,,,,,
Fort Bragg,,,,,,
ceasefireRBC,,,,,,
North Carolina,,,,,,
Palmer,,,,,,
the Upper East Side,,,,,,
Exeter -,,,,,,
Kirilovka,,,,,,
Guinea-Bissau,,,,,,
Ru...,,,,,,
North Korea’s,,,,,,
People's Republic,,,,,,
the United Kingdom's,,,,,,
Yaroun,,,,,,
Trumpishness,,,,,,
Andreyevka,,,,,,
Mount Elbrus,,,,,,
Mount ‌Elbrus,,,,,,
‌being,,,,,,
Kharkov Region,,,,,,
Black Sea Tankers,,,,,,
Pride,,,,,,
retrosp,,,,,,
West Virginia,,,,,,
Madaoua,,,,,,
desi,,,,,,
NORWAY,,,,,,
Ligue,,,,,,
Albiceleste,,,,,,
Wrexham,,,,,,
STOCKHOLM,,,,,,
the Bal... STOCKHOLM,,,,,,
Bypass Strait,,,,,,
Doubao,,,,,,
Neverness,,,,,,
Everness,,,,,,
Amalfi Coast,,,,,,
Gosport,,,,,,
Kyoto,,,,,,
Brookfield,,,,,,
Fe,,,,,,
New Delhis,,,,,,
Kingdom,,,,,,
Miami-Dade County Public Schools,,,,,,
Gaddafi,,,,,,
The Red Sea,,,,,,
Washingto,,,,,,
ENGLAND,,,,,,
Russias Arctic,,,,,,
Chelsea,,,,,,
SANTA MONICA,,,,,,
Calif.,,,,,,
Russias Volga,,,,,,
United Arab Emirates Iran,,,,,,
the Suez Canal,,,,,,
South Korea's,,,,,,
Germanyexecuted,,,,,,
MO Argentina,,,,,,
Belg,,,,,,
Izu Peninsula,,,,,,
Eu,,,,,,
U.,,,,,,
KANSAS CITY,,,,,,
Africas,,,,,,
N Korea’s,,,,,,
El Nino,,,,,,
Nige,,,,,,
Dakar,,,,,,
Man City's,,,,,,
Arctic Northern Sea Route,,,,,,
Stoke,,,,,,
Occupied Territories,,,,,,
New York City's,,,,,,
Key China Market,,,,,,
Kremling,,,,,,
the North Carolina Tar Heels,,,,,,
Texas County,,,,,,
HOUSTON,,,,,,
Wehrmacht,,,,,,
the Strait…,,,,,,
Hebei,,,,,,
Melb,,,,,,
Maersk,,,,,,
Ningbo,,,,,,
Nasko,,,,,,
Niger Stat,,,,,,
KRAKOW,,,,,,
Odessa Strike,,,,,,
Volodym…,,,,,,
Stubb,,,,,,
Vatican,,,,,,
‌meeting,,,,,,
Kpenya,,,,,,
the United Statess,,,,,,
"Washington,",,,,,,
Other Middle East Developments,,,,,,
​Sumy,,,,,,
Wildcats,,,,,,
Ethiopia,,,,,,
Nile dams,,,,,,
Egypts,,,,,,
Ethiopias,,,,,,
Nile,,,,,,
refu,,,,,,
Chang'e,,,,,,
Hawaii,,,,,,
Hainan,,,,,,
Uk,,,,,,
Black Sea Prevails Despite Western,,,,,,
https://sputnikglobe.com/20260711/russian-gas-station-strikes-trigger-cascade-of-problems-for-ukrain,,,,,,
South Caucasus,,,,,,
Quito,,,,,,
Bobo-Dioulasso,,,,,,
the Kiev Region,,,,,,
Slaviansk,,,,,,
Berkshire,,,,,,
Schwing,,,,,,
Chennai,,,,,,
the Gulf na,,,,,,
The United States Mission,,,,,,
Niger alliance,,,,,,
BUENOS AIRES,,,,,,
Lapland,,,,,,
tempe,,,,,,
Sápmi,,,,,,
Tre…,,,,,,
the English Channel,,,,,,
France ARLINGTON,,,,,,
Macron,,,,,,
the southwest Pacific,,,,,,
San,,,,,,
Tala,,,,,,
the Azov Sea,,,,,,
Jenin,,,,,,
Jerusa,,,,,,
Mexic,,,,,,
Cambridge,,,,,,
Great Britain,,,,,,
South Korea’s,,,,,,
VANCOUVER,,,,,,
Hamilton,,,,,,
Sea of Azov - dw.com,,,,,,
Palestine‘s Occupied Territories,,,,,,
DAMASCUS,,,,,,
Samaria,,,,,,
Eastern Mediterranean Sea,,,,,,
Martinsburg WV,,,,,,
Saudi Aramco,,,,,,
Hodeida,,,,,,
U.S. Gaza,,,,,,
Isra,,,,,,
Hsinchu Airbase,,,,,,
Manchester City's,,,,,,
Julián,,,,,,
Eyval,,,,,,
Middle Eastern,,,,,,
‌to,,,,,,
Fort Worth,,,,,,
Lake Worth,,,,,,
the Sea of AzovReuters Ukraine,,,,,,
Sea of,,,,,,
northwest Africa,,,,,,
Sun across Europe,,,,,,
north Wales,,,,,,
HAVANA,,,,,,
Euronews,,,,,,
San Millán de los Caballeros,,,,,,
bec,,,,,,
Tutankhamu,,,,,,
bin,,,,,,
‌Pyongyang,,,,,,
WWIII,,,,,,
the Zaporizhzhia regio,,,,,,
Senkaku,,,,,,
Odessa Region's,,,,,,
ar,,,,,,
Dnipropetrovsk ‌and Zaporizhzhia,,,,,,
Samara,,,,,,
Brei,,,,,,
al-Makha,,,,,,
Yemens Marib city,,,,,,
al-Makha (,,,,,,
MADRID,,,,,,
Idaho,,,,,,
Croatia,,,,,,
Britains south coast,,,,,,
Medieval Europe,,,,,,
Peshawar,,,,,,
5th Heat Dome Expands Across Europe,,,,,,
Black Sea Novorossiysk,,,,,,
the Itaipu River,,,,,,
Worcester,,,,,,
Teesside,,,,,,
Clearing,,,,,,
crystal waters,,,,,,
El Salvador,,,,,,
La,,,,,,
Illinois,,,,,,
Putin,,,,,,
collaboratio,,,,,,
Venice Biennale,,,,,,
Eurovision Song Contest,,,,,,
Burgas,,,,,,
Energodar,,,,,,
Port of Chernomorsk,,,,,,
Midwest,,,,,,
Aviv,,,,,,
