day,sentiment_mean,sentiment_std,subjectivity_mean,subjectivity_std,counting
2026-06-30,-0.08702464029851957,0.9847495369736293,-0.004158306479058268,0.9018856054902132,22.0
2026-07-01,-0.027692131820261038,0.7118665548059954,-0.030456123140535245,0.9366989300192567,42.0
2026-07-02,-0.08155670672314527,0.7691150301563209,0.19596539773598487,0.9724405363476293,27.0
2026-07-03,-0.1631722517836546,0.7926803785306596,0.025095417481817713,0.9778733935486111,38.0
2026-07-04,0.12984011983597626,0.7236103201898618,0.09385362444711808,0.8975347789296554,20.0
2026-07-05,0.04691000844933485,0.977971811553584,-0.0402091616484592,0.9742360432070093,40.0
2026-07-06,-0.04092382255172708,0.9732931985287666,0.28637756992920216,1.0603087821312904,30.0
2026-07-07,0.23950569568590527,0.9557368744290944,-0.11178198159556413,0.9283550078530207,22.0
2026-07-08,-0.18470292824772627,0.8553847707392632,0.16379916363745795,0.8952966114384483,46.0
2026-07-09,0.1999750928642479,0.9875075126227163,0.163204202840246,0.9020046882863871,55.0
2026-07-10,-0.04097271494366226,1.0450650313826189,0.09750784958793411,0.9370011385671821,72.0
2026-07-11,0.0777084950500028,0.8138941369195284,0.06976541868419688,0.8140422630403112,26.0
2026-07-12,-0.22679458159038776,1.254458588869989,0.11842284596699547,1.3644203013392489,23.0
2026-07-13,-0.0316211663396718,0.6885942062832832,-0.12873375271146986,0.9991777633294969,24.0
2026-07-14,0.2928142340907759,0.8964009783062281,0.07614339587415973,0.9736168016916703,21.0
2026-07-15,0.14997911615628515,0.92341598168859,-0.06324316789159333,1.0437922753363784,60.0
2026-07-16,0.1574833317944929,1.1005668325963536,-0.017364700488709896,0.7139369086983067,40.0
2026-07-17,-0.2655220724946428,0.6736886165700439,-0.11653270682608269,0.9554404608767731,38.0
2026-07-18,-0.1268543361811235,0.9683715363228057,-0.1840699878349045,0.869477346456526,28.0
2026-07-19,0.025678320680363957,0.9330122729389351,-0.054508698094865735,1.001361492245525,40.0
2026-07-20,0.14969017535035406,0.9328997874469781,-0.19933955758179833,0.9435207536688319,64.0
2026-07-21,0.32098378193943033,0.8259396727524774,0.49322627950154213,1.2683787039957923,24.0
2026-07-22,0.0538623379781197,0.9880312038585202,0.020142080543868627,0.8452792943589862,53.0
2026-07-23,-0.09016754213746606,0.8509320731054069,-0.14800147292663482,0.8611718524975422,49.0
2026-07-24,0.0239914415716917,0.8951341683952341,-0.09402193264586453,0.9204696499209241,104.0
2026-07-25,0.3204697307449986,1.1851002552076009,-0.19691168903899586,0.9721212700954222,21.0
2026-07-26,-0.09062499082427689,0.9164290268815859,-0.12928938029607692,0.88112845917875,81.0
2026-07-27,0.001774041721458226,1.0247744648703878,-0.049275001954132674,0.8371191167807424,49.0
2026-07-28,0.03892942841022731,1.051273054274958,-0.151589771952683,0.8802549784680325,51.0
2026-07-29,-0.12021128565193338,0.6489486015985596,-0.372043275693845,1.003508720842019,26.0
2026-07-30,-0.007500136490971032,0.9328245502349671,0.03254653473248701,0.7360891845049715,19.0
2026-07-31,0.03312147074349654,0.9847510811581328,0.24646671492793812,0.9630019675879234,44.0
2026-08-01,-0.14903391566841045,0.8402800638893834,-0.22968648638392175,1.0157725418087875,32.0
2026-08-02,-0.21763808300311113,0.8886179740721905,-0.13172704709354027,0.8852711345592024,35.0
2026-08-03,-0.07953454674938867,0.7568258857898417,0.09703253372853962,0.9743360402513469,29.0
2026-08-04,-0.05322381609465578,0.7237029285552256,-0.06320348456954462,0.869404940561627,23.0
2026-08-05,-0.05195124548060429,0.7131760770272536,-0.41379969359394686,1.0675727904106194,14.0
2026-08-06,-0.1938966581766801,1.003913260011759,0.23851284395242603,0.843571236880193,27.0
2026-08-07,0.2801050537050734,0.7737490835573243,0.259233360407992,1.050013012760156,26.0
2026-08-08,-0.16659592755321856,0.7807564472878752,0.003930618956796702,0.9971605511107965,28.0
2026-08-09,0.10743585303232858,1.1335368854986514,0.4833559390056344,0.8934368661661967,32.0
2026-08-10,0.11191289298514562,0.7822607473434019,0.16909499804236328,0.858062717425121,45.0
2026-08-11,-0.09465215860257686,1.060596678683086,0.0375163184758095,0.8575020188949709,64.0
2026-08-12,0.426301448071533,0.9533296630465045,0.33822352953312357,0.8459698194342129,36.0
2026-08-13,0.04387009154006457,0.8336376173302719,0.03967590541864286,0.9241911252477961,35.0
2026-08-14,0.17691871528944791,1.0734208879872116,0.0036524692712134807,1.1625451093748842,32.0
2026-08-15,0.17147297187080832,0.7667048264876385,-0.29763335916458356,1.1041034954162545,13.0
2026-08-16,-0.03229378736981082,0.9838193282931732,0.22714934457763167,0.9893774008579689,47.0
2026-08-17,0.011601552023614051,0.963638935780585,-0.25316279732426133,0.8669269476294601,53.0
2026-08-18,0.07692402669620484,1.143143027214196,0.09643389503645518,1.078638858131634,60.0
2026-08-19,0.506790263564191,0.9086392766815369,0.22320953390350282,1.0643158116157136,18.0
2026-08-20,0.12581918503368003,1.0467040606117286,-0.016949000269839535,1.026465505901426,34.0
2026-08-21,-0.25702654793213775,1.0219521949104027,0.2630740108055482,1.1637021323053425,23.0
2026-08-22,0.09780620871319877,1.1007186817648114,-0.07639062203973748,0.8657866403159159,32.0
2026-08-23,-0.11523207881252177,1.2393065471550697,0.3106009653340501,1.0493743945157021,20.0
2026-08-24,0.1504710689210499,1.1756055231144296,-0.1768645658611254,0.8140866492492213,36.0
2026-08-25,0.03128204456129737,1.1248280682369889,0.030400685782998198,1.3532892455038208,30.0
2026-08-26,-0.2463322062349258,0.9911908718362472,-0.2251071657845766,0.8177432182132398,40.0
2026-08-27,-0.254277560189084,0.9666079336501793,0.23792286361780965,1.1525652240314248,57.0
2026-08-28,-0.10134719482913297,1.208346348525025,0.11522564400767273,0.9678294232626913,35.0
2026-08-29,-0.3552273412945733,1.0013272388683343,0.19899363555561791,0.9791085797247054,22.0
2026-08-30,-0.510517890400574,1.160849985305254,0.25194998169887595,1.0533289870894156,15.0
2026-08-31,-0.3241182462015182,0.663497059083218,-0.15749285183295697,0.818676562236047,35.0
2026-09-01,0.011583497162290473,0.7283617179544909,0.19225910214093864,0.922500472112738,65.0
2026-09-02,0.20731480982924527,0.7289007577890692,0.03937998155483062,0.971474191495758,37.0
2026-09-03,-0.06503797613248088,0.87357441671207,-0.14252883397092625,0.8862982341746016,52.0
2026-09-04,-0.09063339740737096,0.9879760248457862,0.015441931511674854,0.9459765781486497,47.0
2026-09-05,-0.22541273595799272,1.01896579481295,0.2187982844827033,0.790553981008424,50.0
2026-09-06,-0.28257585119126294,0.935013214561497,0.06334086551880158,0.9765648913206936,29.0
2026-09-07,-0.12548796824345673,0.9984623062766033,-0.00036757208214027357,0.8263321117212392,15.0
2026-09-08,0.32297893270530226,0.9187247327200205,0.11269635662307875,1.071440166508525,22.0
2026-09-09,0.15294006765670268,0.6324660422163262,-0.03863388891022978,0.7486916926038315,19.0
2026-09-10,-0.0677114394948459,1.030899431472854,-0.09514220690552871,0.9545310156125292,74.0
2026-09-11,0.3705197529335141,1.2177202703345735,0.08732872082068563,1.019143022330922,28.0
2026-09-12,0.005926104973463719,0.7238506655137894,0.16014917398110284,0.8019103873525406,15.0
2026-09-13,0.48144826240915295,0.6226728710097199,-0.2319717681231687,0.630151763075492,6.0
2026-09-14,0.2519975826632796,0.6295679035646842,-0.04499352946468685,0.8210575820808557,24.0
2026-09-15,0.45638227734382136,0.6831448041325006,0.1272483601659599,0.7432749256017229,14.0
2026-09-16,-0.03369250156684866,0.9314112584686717,-0.11210617402501914,0.8967915709808678,22.0
2026-09-17,-0.22673328380501187,0.39164625143174575,-0.2916511312004581,1.116030698778773,5.0
2026-09-18,-0.536069910240591,0.9357157364959202,0.058704600753531934,0.9649055565978117,7.0
2026-09-19,0.05549471439259123,0.8713785098553144,-0.27174942723924567,0.8566999289945496,23.0
2026-09-20,0.26259447092310534,0.9861261261247243,0.3226485455158963,1.099323602760681,29.0
2026-09-21,0.06129236951832941,0.319346529231803,-0.29969678412542605,0.5764255249221663,10.0
2026-09-22,0.30707220939503904,1.121756895152358,0.3755805164699336,1.219190067113634,14.0
2026-09-23,0.2078021637385879,1.1970563965252425,0.2220237866149765,1.1660365085333821,17.0
2026-09-24,-0.34053227870561675,1.0,-0.6456693825052178,1.0,1.0
2026-09-25,1.4692007658538857,1.0,1.6372249888679489,1.0,1.0
