topic,sentiment_mean,sentiment_std,subjectivity_mean,subjectivity_std,counting
Afghanistan,0.4577277989005915,0.7659996245435171,0.4865948181967221,1.0883318533683,3.0
Algeria,-0.3829830651990499,1.0,0.8088348586978926,1.0,1.0
Argentina,0.4465488296997596,0.8579466833787344,0.4810144416955567,0.5466957316375752,8.0
Australia,0.1993088355633949,0.8478255795788203,0.23924966616917814,0.7784237353119304,9.0
Austria,-0.11702413923180426,1.0,-1.2426909004313724,1.0,1.0
Azerbaijan,-1.0155396105591894,1.0,0.2735895371852146,1.0,1.0
Bahamas,0.20486474542303287,0.1286605422325419,0.756235433797907,0.5369370949679454,3.0
Bahrain,0.1785063403633612,1.1937397461258277,0.184615593044727,1.2094516836370128,7.0
Bangladesh,0.7943632521781481,1.0,-0.6482891222370409,1.0,1.0
Belarus,2.809953559283106,1.0,0.7941945995653346,1.0,1.0
Belgium,1.1356853235727555,1.2523080952115586,0.11304101718376731,0.6152633547522811,5.0
Brazil,0.27471502338341014,0.9628586285514182,0.4599214090301838,0.7357803185940218,21.0
Bulgaria,-1.5749230871034567,1.0,0.9537820987027871,1.0,1.0
Burkina Faso,-0.030965222024342598,1.1722750821083363,-0.4227569370956164,1.2478552428723233,9.0
Cambodia,1.3838497353448496,1.0,0.18566250758660968,1.0,1.0
Canada,0.6215275876090867,1.140215101993612,0.9142929840476696,1.1499011267249688,11.0
Cayman Islands,-0.41268086094160816,0.7123668890701174,-0.9658562161390312,0.348143875030415,2.0
Chile,-0.8124359836385301,1.0,-0.6632908652754204,1.0,1.0
China,-0.20153499746034897,0.9482878563401981,0.09989967844104237,0.9824265317277634,244.0
Colombia,-0.24743869694860277,0.6619399665184404,0.4781412920261494,1.2255007197497054,2.0
Costa Rica,-0.5400638698587047,1.0,-0.1580910773242899,1.0,1.0
Cuba,-0.470322485629604,1.8348170556652976,0.06423587833477251,1.5853132345678085,5.0
Cyprus,0.11136506795764889,1.0,-0.22230966677330993,1.0,1.0
Czechia,-0.4231796712063001,1.0,-1.135324937738261,1.0,1.0
Denmark,1.07605068608585,0.4178188338502871,0.46563092407070444,1.7426088557126498,4.0
Egypt,0.11357468635170846,1.0767087803204651,0.10523722733916652,0.9788965290725689,50.0
El Salvador,0.830739692661835,1.0,1.1335287717667408,1.0,1.0
Eritrea,0.10774416395372415,0.7458898854472544,-0.02812217226730151,0.8934807862724815,26.0
Estonia,-0.13159180933557688,1.0,-0.7362659868381768,1.0,1.0
Finland,-0.03900804641060142,0.7103273069890491,-0.4142303001437908,1.0073530784544438,3.0
France,-0.07823003384630481,0.7782860141939765,0.0006522712521731505,0.8717626446228893,20.0
French Polynesia,-1.144647327581036,1.0,-1.138810366052388,1.0,2.0
French Southern Territories,0.6280001445743831,0.11187367837064281,0.8756594894091301,0.23836952594309124,2.0
Georgia,-0.058911949741276635,0.6633916807582124,-0.15693325265047267,1.330302191002919,3.0
Germany,0.19994550634697714,0.9061230170353654,0.08245556457050665,0.9212284417085098,144.0
Ghana,1.2171431478632613,1.0,0.167487753980938,1.0,1.0
Greece,0.25074797158414275,0.803399561533169,-0.2774852569533618,0.5538931360852939,4.0
Greenland,0.42212260262544554,0.9748526507835159,0.5282126260225612,0.85151785569169,32.0
Guatemala,1.0691622349936587,1.0,0.8831309937531558,1.0,1.0
Hong Kong,0.2090336339706737,0.7661798065586803,0.1098664833682672,1.1460501257527698,8.0
Hungary,0.44776857100872325,0.769236388110075,0.5331257703292732,1.3692055093968123,4.0
Iceland,0.1922240333157082,0.6939584767643722,-0.10260108191676184,0.7646977362258682,16.0
India,0.21181529905115798,0.8744016605153857,-0.0476004729670327,0.5991589876915665,41.0
Iran,0.0036296351198132565,1.0144090430453265,0.13978730381165066,0.874227429988879,302.0
Iraq,-0.20346411081163787,2.0759992413066755,0.7504811895881567,1.3447344076901024,5.0
Ireland,0.6178503659542023,0.6373448606274176,0.46784895249371045,0.1009554296638989,4.0
Israel,0.03295253149791482,0.9868487123022933,0.17863071736679145,0.863969916003523,55.0
Italy,-0.439101043386285,0.9220740997106907,-0.14761302317012956,0.7033557497070803,11.0
Jamaica,0.5874492678819285,1.0,0.7361892533702621,1.0,1.0
Japan,-0.008744584132691339,1.205263821458641,-0.13637289968805047,0.8549316209069768,6.0
Jordan,-0.29507001517955095,0.7207928282821817,-0.9001977399011251,0.22923909627885325,2.0
Kazakhstan,0.28753502826468863,1.303995451872141,-0.12083519065756727,0.7253367663323038,3.0
Kuwait,0.1717896160734674,1.0,0.7865838559899143,1.0,1.0
Kyrgyzstan,0.031077215723458063,0.4338143120996514,-0.11140267122860455,1.0812050855421103,3.0
Laos,-0.6023863176628597,0.984863590196134,-0.42698115279312976,0.6643451613517902,10.0
Lebanon,0.034582446997670324,0.750559573694015,-0.5977193206752746,0.45537551266723536,7.0
Liberia,-0.11702413923180426,1.0,-1.0616344115427763,1.0,1.0
Liechtenstein,-0.1652706345917557,0.23372797290166888,-0.3074170897039029,0.876695155806118,2.0
Lithuania,0.321866601102523,1.1762847138906842,0.7460382771937638,0.5252461849438905,2.0
Macao,0.7627891977277453,1.0,-0.5663324864300776,1.0,1.0
Malaysia,-0.22092673819207387,0.11480489252920324,-1.1660055344226137,0.10282752314108876,3.0
Mali,-0.020010962253122502,0.8866643998965618,-0.29925800545661013,0.8988512141699657,33.0
Malta,1.933601206302322,1.0,0.5436099493053868,1.0,1.0
Mexico,0.4357230703881739,1.0906476425482163,0.13734714203122617,0.8285746527107607,7.0
Moldova,-0.5112318406576242,1.0,-1.0826658629817845,1.0,1.0
Monaco,-1.568370437169766,1.0,-1.0721538497086054,1.0,1.0
Mongolia,-0.30068138565356506,0.7519825713918666,-0.21903743867199696,0.9526801043904383,9.0
Montserrat,-0.23290736273981616,1.0,-1.8482448828650997,1.0,1.0
Morocco,0.23456311565443358,0.9180555629648984,-0.25757270079663214,1.3216816115775178,3.0
Myanmar,0.079940399830162,1.0,-0.40600103413328054,1.0,1.0
Nepal,-0.5772913087257544,1.073796099437443,0.24819379620601048,0.8372504628910075,63.0
New Caledonia,0.3414200871428337,0.5364096132484347,-0.2740542068899352,0.8375482187824059,2.0
New Zealand,0.06818181818181818,1.0,0.22727272727272727,1.0,1.0
Nicaragua,0.8206093491760287,1.0,0.818025366712516,1.0,1.0
Niger,0.1294990775856283,0.8638910586927884,-0.13877391184484744,0.9125071158283694,12.0
Nigeria,-0.16437509388882293,1.205595756230401,0.19792499544259542,1.107347726215958,10.0
North Korea,0.05608873211114845,1.0495187962672836,-0.3499712983849976,0.6170644159287112,6.0
Norway,0.26539794060516664,0.8800961176789245,-0.691613062424099,1.2009429506230251,5.0
Oman,0.22199616074174297,0.43200162541097725,0.3900218999273875,0.94865477469273,5.0
Pakistan,-0.09043541169124625,1.1282628772815575,-0.08982870869420831,1.1198818656729455,13.0
Palestinian Territory,0.06965267332116958,0.9766363016861241,0.15971995920929535,0.9635441801066432,22.0
Panama,-0.3146147186738983,1.0035575424830487,-0.28615471418093696,0.6005613041369875,7.0
Paraguay,0.24252586253674896,1.2004491704293518,-0.0740364460240968,0.791867116569731,10.0
Peru,0.7071067811865475,1.0,0.7071067811865475,1.0,1.0
Philippines,-0.4817126344975564,0.6125679813630232,0.28015341970971863,0.7654846616821332,4.0
Poland,0.22331496382124535,0.46646491915269134,-0.660979563900554,0.568900101142972,4.0
Portugal,-0.12179648948512425,0.001277929113833126,0.3559366262296499,0.12090386837397228,2.0
Romania,0.04036483262046251,0.5383047382376631,-0.040756048661128384,0.5718061177649212,5.0
Russia,-0.09830712198915453,0.9610746590930733,-0.09550401708401253,0.9433013249471859,468.0
Saudi Arabia,0.24419516235224775,0.8529344772800421,0.2495928306866783,1.0503243321076352,16.0
Senegal,0.6449376627141078,0.9679798621057896,-0.027272416122547726,0.8693752047470783,11.0
Serbia,0.4665437563432317,1.5000140126683852,0.381015980800673,1.3443642202521704,11.0
Singapore,-0.049257028897728705,0.45921973764284135,-1.3721068660603413,0.6837946684684901,5.0
Sint Maarten,0.47045588345032263,1.0,1.151318008264786,1.0,1.0
Slovenia,0.16024124100250178,1.0,-0.6133718206067384,1.0,1.0
Somalia,-0.2323399150433258,1.0,-1.598332357012897,1.0,1.0
South Africa,0.630932127348029,1.045463542328978,0.10130739553021939,1.223494220588152,4.0
South Korea,0.11543242487249411,0.7535619135681492,-0.26480288659928064,0.7225542351537778,6.0
Spain,0.3681414912129321,1.2154833883232459,0.2643686190338236,1.0411982628623089,15.0
Sudan,0.3030499613503132,0.47277153924241444,0.004551195524624296,0.4355053758056568,2.0
Suriname,-0.17987456079648276,0.9600204176372827,0.22977006950162138,0.9754739403747049,6.0
Svalbard and Jan Mayen,0.3612584561613941,0.48910339177459017,-0.5183181948694986,0.2669873791908143,2.0
Sweden,-0.01333761572496814,0.985756430901721,0.0018750629711004223,0.8407025120989075,13.0
Switzerland,0.4446696718817772,0.4425165984305078,0.14608621388451098,0.7212901685076608,4.0
Syria,0.0507818742509786,0.29465435792602834,-0.7560428720219768,0.8995380178974417,3.0
Taiwan,0.012806208121757609,1.0244231419984131,1.1448307999756864,1.762294840426252,6.0
Thailand,0.15161547788611487,0.6267783310974983,-0.22714510471580507,0.7084422725452224,4.0
Togo,-0.4757821443131106,1.0,-1.1554031936453417,1.0,1.0
Trinidad and Tobago,0.647578701825287,0.47623509053770835,0.7918418253574815,0.3333056660119066,4.0
Turkey,-0.14353719167372883,1.4036896110046941,0.24771572570924716,1.2224987102041385,13.0
Turks and Caicos Islands,-0.15140112000363906,2.567610951681799,1.932183658535932,0.898203328971765,3.0
Tuvalu,0.5134247379271504,0.7914961111317956,1.5520551789405022,0.4681239537334948,4.0
Ukraine,-0.034260068665015124,0.8577148763063477,-0.14026993835624857,0.9513184730925625,634.0
United Arab Emirates,0.521032488135671,0.9869035175954447,0.3684273225952411,1.291877494048063,21.0
United Kingdom,0.1467318723621022,0.9315655008962633,0.17298402923501632,0.8592221725621129,172.0
United States,0.07646659087836673,0.7962353087117163,0.05506715703540431,1.0071433866813275,117.0
Venezuela,-0.29039407484277147,1.0,1.8238145022912333,1.0,1.0
Vietnam,0.5757202086334515,1.0,-0.22539452799246856,1.0,1.0
Wallis and Futuna,-0.8103142694104877,1.0,-0.15912777040329298,1.0,1.0
Yemen,-0.1212290467398251,0.9809165940869965,0.2241860336020381,1.3964526876118621,27.0
Zambia,0.12265221638923031,0.29878280633199855,-0.15556812111544,0.5354960389614019,6.0
