,phrase,label,sentiment,subjectivity,language,count,topicColor,keywordColor,continent,gnd,geonames,latitude,longitude,geotype,country,ipcc
the United States,the United States,GPE,0.057953699364781855,0.3017691086118919,en,97,#16c71d,#16c71d,SOUTH-AMERICA,,6255150,-14.60485,-57.65625,L,Brazil,SAM
the Strait of Hormuz,the Strait of Hormuz,LOC,0.0017117900314621616,0.29219883258817675,en,61,,,,,,,,,,
Black Sea,Black Sea,LOC,-0.07649504160142458,0.2961108936374895,en,47,#6d9fee,#6d9fee,EUROPE-AFRICA,,10922499,41.25206,36.96073,L,Turkey,MED
the Middle East,the Middle East,LOC,0.016810044893378225,0.17230200149644592,en,45,#9fed62,#9fed62,NORTH-AMERICA,,12217091,35.8,-86.5,L,United States,ENA
Donetsk,Donetsk,GPE,0.14857786357786365,0.3155083655083656,en,37,#7ba6f0,#7ba6f0,EUROPE,,709717,48.023,37.80224,P,Ukraine,WCE
the Black Sea,the Black Sea,LOC,-0.07229654740684152,0.4450948030727443,en,34,#ceef74,#ceef74,NORTH-AMERICA,,5762871,44.47971,-103.78076,S,United States,CNA
Middle East,Middle East,LOC,0.014718614718614718,0.1765422077922078,en,28,#5d97ed,#5d97ed,EUROPE-AFRICA,,6269133,33.13906,35.85869,L,Syria,MED
Sputnik,Sputnik,GPE,0.03391376284894804,0.1717705939465199,en,27,#55091e,#55091e,POLAR,,6625906,-70.36667,163.36667,T,,EAN
Hormuz,Hormuz,GPE,0.04695967612634279,0.191719443108332,en,27,#4f59eb,#4f59eb,ASIA,4072627-7,287878,26.56667,56.25,H,,WCA
Gulf,Gulf,LOC,0.05496420246420246,0.19573537573537572,en,26,#4f68eb,#4f68eb,ASIA,,12218088,26.35058,50.16805,L,Saudi Arabia,ARP
The United States,The United States,GPE,0.10602734938672438,0.4729590548340548,en,24,#16c71d,#16c71d,SOUTH-AMERICA,,6255150,-14.60485,-57.65625,L,Brazil,SAM
the Caspian Sea,the Caspian Sea,LOC,0.02829545454545454,0.1817276021080369,en,23,,,,,,,,,,
Caspian Sea,Caspian Sea,LOC,-0.023670919723551297,0.218367889420521,en,19,#6f84ef,#6f84ef,ASIA,,630671,42.0,50.0,H,,WCA
Houthis,Houthis,GPE,-0.05284090909090909,0.16136363636363638,en,16,,,,,,,,,,
Qingdao,Qingdao,GPE,-0.05750378787878787,0.2285806277056277,en,10,#ed63ec,#ed63ec,ASIA,4061118-8,1797929,36.06488,120.38042,P,China,EAS
Mumbai,Mumbai,GPE,0.07083333333333333,0.30333333333333334,en,10,#6440e9,#6440e9,ASIA,10013721-0,1275339,19.07283,72.88261,P,India,SAS
Pacific,Pacific,LOC,0.006111111111111109,0.19228395061728396,en,9,,,,,,,,,,
Novorossiysk,Novorossiysk,GPE,-0.10439814814814816,0.44475308641975303,en,9,,,,,,,,,,
Pickaxe Mountain,Pickaxe Mountain,LOC,0.014444444444444446,0.23240740740740742,en,9,,,,,,,,,,
Mideast,Mideast,LOC,0.06271043771043772,0.2602693602693603,en,9,,,,,,,,,,
Strait,Strait,LOC,-0.12279040404040403,0.43977272727272726,en,8,,,,,,,,,,
RIYADH,RIYADH,GPE,0.06742424242424241,0.5136363636363637,en,8,,,,,,,,,,
Wales,Wales,GPE,0.11465277777777778,0.29090277777777784,en,8,,,,,,,,,,
Arizona,Arizona,GPE,-0.025,0.175,en,8,,,,,,,,,,
Himalayas,Himalayas,GPE,0.057628205128205115,0.3787179487179487,en,8,,,,,,,,,,
the West Bank,the West Bank,GPE,0.25974025974025977,0.32532467532467535,en,7,,,,,,,,,,
DC,DC,GPE,0.12705627705627706,0.3338383838383838,en,7,,,,,,,,,,
Konstantinovka,Konstantinovka,GPE,-0.02896825396825397,0.11706349206349206,en,7,,,,,,,,,,
Strasbourg,Strasbourg,GPE,0.08333333333333333,0.14444444444444446,en,6,,,,,,,,,,
Americas,Americas,LOC,0.10912037037037037,0.3376388888888889,en,6,,,,,,,,,,
California,California,GPE,0.1983712121212121,0.4148484848484848,en,6,,,,,,,,,,
Earth,Earth,LOC,0.06805555555555555,0.4930555555555555,en,6,,,,,,,,,,
Palestine,Palestine,GPE,0.08333333333333333,0.15,en,6,,,,,,,,,,
Marib,Marib,GPE,0.014393939393939391,0.22297979797979797,en,6,,,,,,,,,,
Alaska,Alaska,GPE,-0.06999999999999999,0.24,en,5,,,,,,,,,,
Strait of Hormuz,Strait of Hormuz,LOC,-0.1,0.16,en,5,,,,,,,,,,
HONG KONG,HONG KONG,GPE,0.13958333333333334,0.5591666666666667,en,5,,,,,,,,,,
LOS ANGELES,LOS ANGELES,GPE,0.07393939393939393,0.2909090909090909,en,5,,,,,,,,,,
MIAMI,MIAMI,GPE,0.02023809523809524,0.1426190476190476,en,5,,,,,,,,,,
Atlantic,Atlantic,LOC,0.05833333333333333,0.3583333333333333,en,5,,,,,,,,,,
San Francisco,San Francisco,GPE,0.055584415584415584,0.29269841269841274,en,5,,,,,,,,,,
Rasuwa,Rasuwa,GPE,-0.19,0.32,en,5,,,,,,,,,,
UAE,UAE,GPE,0.03443181818181819,0.22424242424242422,en,5,,,,,,,,,,
BEIRUT,BEIRUT,GPE,0.1,0.18,en,5,,,,,,,,,,
nubia,nubia,GPE,0.1,0.13333333333333333,en,5,,,,,,,,,,
Ceuta,Ceuta,GPE,0.011000000000000001,0.087,en,5,,,,,,,,,,
Africa Corps,Africa Corps,GPE,-0.06666666666666668,0.05333333333333333,en,5,,,,,,,,,,
Tatarstan,Tatarstan,GPE,-0.18666666666666665,0.13333333333333336,en,5,,,,,,,,,,
Lake Ontario,Lake Ontario,GPE,0.27,0.47000000000000003,en,5,,,,,,,,,,
Mediterranean,Mediterranean,LOC,0.16060606060606059,0.2909090909090909,en,5,,,,,,,,,,
Austin,Austin,GPE,0.06772727272727272,0.3624242424242424,en,5,,,,,,,,,,
D.C.,D.C.,GPE,-0.06979166666666667,0.4208333333333334,en,4,,,,,,,,,,
BUCHAREST,BUCHAREST,GPE,0.06345328282828282,0.25139520202020205,en,4,,,,,,,,,,
Atlanta,Atlanta,GPE,-0.025,0.0125,en,4,,,,,,,,,,
Zaporozhye Region,Zaporozhye Region,GPE,-0.05833333333333334,0.11666666666666667,en,4,,,,,,,,,,
Starlink,Starlink,GPE,0.09999999999999999,0.4,en,4,,,,,,,,,,
Sumy,Sumy,LOC,-0.015909090909090914,0.11363636363636363,en,4,,,,,,,,,,
Philadelphia,Philadelphia,GPE,0.018560606060606055,0.3924242424242424,en,4,,,,,,,,,,
Florida,Florida,GPE,0.24763257575757575,0.5188446969696969,en,4,,,,,,,,,,
Liverpool,Liverpool,GPE,0.008522727272727272,0.03257575757575758,en,4,,,,,,,,,,
Tel Aviv,Tel Aviv,GPE,0.0,0.20357142857142857,en,4,,,,,,,,,,
Michigan,Michigan,GPE,-0.2,0.28125,en,4,,,,,,,,,,
Kherson,Kherson,GPE,0.0109375,0.07656249999999999,en,4,,,,,,,,,,
Manhattan,Manhattan,GPE,0.03522727272727272,0.3715909090909091,en,4,,,,,,,,,,
HYDERABAD,HYDERABAD,GPE,0.5,0.9,en,4,,,,,,,,,,
Tiananmen,Tiananmen,GPE,-0.125,0.5187499999999999,en,4,,,,,,,,,,
Normandy,Normandy,GPE,0.25,0.5,en,4,,,,,,,,,,
Sloviansk,Sloviansk,GPE,-0.052500000000000005,0.125,en,4,,,,,,,,,,
West Bank,West Bank,GPE,-0.05,0.025,en,4,,,,,,,,,,
KIEV,KIEV,GPE,-0.00104166666666667,0.24479166666666663,en,4,,,,,,,,,,
TAIPEI,TAIPEI,GPE,-0.05555555555555555,0.3333333333333333,en,4,,,,,,,,,,
BANGKOK,BANGKOK,GPE,-0.01125000000000001,0.3225,en,4,,,,,,,,,,
Barcelona,Barcelona,GPE,0.1875,0.22916666666666666,en,3,,,,,,,,,,
the Atlantic Ocean,the Atlantic Ocean,LOC,-0.09280303030303029,0.5680555555555555,en,3,,,,,,,,,,
the Balearic Islands,the Balearic Islands,GPE,0.06944444444444443,0.6342592592592592,en,3,,,,,,,,,,
Hadramout,Hadramout,GPE,-0.016666666666666666,0.29444444444444445,en,3,,,,,,,,,,
the Galapagos Islands,the Galapagos Islands,LOC,-0.15555555555555559,0.7777777777777777,en,3,,,,,,,,,,
South Pacific,South Pacific,LOC,0.20333333333333334,0.5507407407407406,en,3,,,,,,,,,,
Uttarakhand,Uttarakhand,GPE,-0.07184343434343436,0.49213564213564215,en,3,,,,,,,,,,
Aramco,Aramco,GPE,0.14583333333333334,0.3625,en,3,,,,,,,,,,
Kashmir,Kashmir,LOC,0.07626262626262627,0.3282828282828283,en,3,,,,,,,,,,
Oleksandrivka,Oleksandrivka,LOC,-0.08333333333333333,0.25,en,3,,,,,,,,,,
West Africa,West Africa,GPE,0.14444444444444446,0.47222222222222215,en,3,,,,,,,,,,
OSLO,OSLO,GPE,0.0,0.0,en,3,,,,,,,,,,
Pacific island,Pacific island,LOC,-0.004166666666666668,0.3361111111111111,en,3,,,,,,,,,,
NEW DELHI,NEW DELHI,GPE,0.14191919191919192,0.4628787878787879,en,3,,,,,,,,,,
Mecca,Mecca,GPE,0.11833333333333333,0.44166666666666665,en,3,,,,,,,,,,
Shinsegae,Shinsegae,GPE,0.125,0.16666666666666666,en,3,,,,,,,,,,
Rostov,Rostov,GPE,-0.044444444444444446,0.0,en,3,,,,,,,,,,
Chernobyl,Chernobyl,GPE,0.022222222222222223,0.1111111111111111,en,3,,,,,,,,,,
ABUJA,ABUJA,GPE,0.14020833333333335,0.4033333333333333,en,3,,,,,,,,,,
Chilime,Chilime,GPE,-0.016666666666666673,0.3333333333333333,en,3,,,,,,,,,,
Shenzhen,Shenzhen,GPE,-0.10000000000000002,0.3333333333333333,en,3,,,,,,,,,,
Kerung,Kerung,GPE,0.0006944444444444443,0.15069444444444444,en,3,,,,,,,,,,
Kremlin,Kremlin,GPE,0.05555555555555556,0.46296296296296297,en,3,,,,,,,,,,
Geran,Geran,GPE,-0.044444444444444446,0.044444444444444446,en,3,,,,,,,,,,
Lake America,Lake America,LOC,0.16666666666666666,0.3,en,3,,,,,,,,,,
militar,militar,GPE,0.07444444444444444,0.16000000000000003,en,3,,,,,,,,,,
ANKARA,ANKARA,GPE,-0.2076388888888889,0.5131944444444444,en,3,,,,,,,,,,
San Diego,San Diego,GPE,0.0846590909090909,0.453030303030303,en,2,,,,,,,,,,
Belo Horizonte,Belo Horizonte,GPE,0.0,0.0,en,2,,,,,,,,,,
San Diego County,San Diego County,GPE,0.0,0.43782051282051276,en,2,,,,,,,,,,
LAGOS,LAGOS,GPE,0.04666666666666667,0.48666666666666664,en,2,,,,,,,,,,
ASHEVILLE,ASHEVILLE,GPE,0.15,0.45,en,2,,,,,,,,,,
Kharg Island,Kharg Island,LOC,0.016666666666666666,0.03333333333333333,en,2,,,,,,,,,,
Delta,Delta,LOC,0.125,0.41666666666666663,en,2,,,,,,,,,,
Northeast,Northeast,LOC,-0.08636363636363636,0.5329545454545455,en,2,,,,,,,,,,
Western Sahara,Western Sahara,LOC,0.0,0.125,en,2,,,,,,,,,,
the Sumy region,the Sumy region,LOC,0.0,0.0,en,2,,,,,,,,,,
the Svalbard archipelago,the Svalbard archipelago,LOC,0.0,0.5,en,2,,,,,,,,,,
Dnipropetrovsk,Dnipropetrovsk,GPE,0.1875,0.2375,en,2,,,,,,,,,,
Caribbean coast,Caribbean coast,LOC,0.25,0.25,en,2,,,,,,,,,,
Zircon,Zircon,LOC,-0.016666666666666666,0.06666666666666667,en,2,,,,,,,,,,
the Kerch Strait,the Kerch Strait,LOC,0.0,0.0,en,2,,,,,,,,,,
The Caspian Sea,The Caspian Sea,LOC,0.0,0.0,en,2,,,,,,,,,,
South Carolina,South Carolina,GPE,-0.004166666666666662,0.44305555555555554,en,2,,,,,,,,,,
Ryazan,Ryazan,GPE,0.2578125,0.3125,en,2,,,,,,,,,,
Novosoloshino,Novosoloshino,GPE,0.0,0.0,en,2,,,,,,,,,,
Perm,Perm,GPE,0.0,0.0,en,2,,,,,,,,,,
Alibaba,Alibaba,GPE,0.45238095238095233,0.7880952380952382,en,2,,,,,,,,,,
kingdom,kingdom,GPE,0.0,0.0,en,2,,,,,,,,,,
Oleksandrivskyi,Oleksandrivskyi,GPE,0.15000000000000002,0.07500000000000001,en,2,,,,,,,,,,
Best Korea,Best Korea,GPE,0.0,0.43333333333333335,en,2,,,,,,,,,,
Belgorod,Belgorod,GPE,-0.05,0.0,en,2,,,,,,,,,,
Andrevskaya,Andrevskaya,GPE,0.0,0.0,en,2,,,,,,,,,,
MANPADS,MANPADS,GPE,0.09907407407407406,0.22314814814814815,en,2,,,,,,,,,,
Nizhnekamsk,Nizhnekamsk,GPE,-0.05,0.0,en,2,,,,,,,,,,
the North West,the North West,LOC,0.5,0.15,en,2,,,,,,,,,,
Nikolaev,Nikolaev,GPE,0.042857142857142864,0.11190476190476191,en,2,,,,,,,,,,
Frankfurt,Frankfurt,GPE,0.115625,0.275,en,2,,,,,,,,,,
the Ural Mountains,the Ural Mountains,LOC,0.3333333333333333,0.3333333333333333,en,2,,,,,,,,,,
Krasnodar,Krasnodar,GPE,-0.17083333333333334,0.09166666666666667,en,2,,,,,,,,,,
Qalandia,Qalandia,GPE,0.048484848484848485,0.444949494949495,en,2,,,,,,,,,,
Nevada,Nevada,GPE,0.0,0.0625,en,2,,,,,,,,,,
Haldwani,Haldwani,GPE,-0.06401515151515152,0.5060606060606061,en,2,,,,,,,,,,
COPENHAGEN,COPENHAGEN,GPE,-0.125,0.2,en,2,,,,,,,,,,
consequ,consequ,GPE,0.25,0.5,en,2,,,,,,,,,,
Tartous,Tartous,GPE,0.0,0.075,en,2,,,,,,,,,,
SHANGHAI,SHANGHAI,GPE,-0.03272727272727273,0.3159090909090909,en,2,,,,,,,,,,
Stonehenge,Stonehenge,GPE,0.09583333333333334,0.675,en,2,,,,,,,,,,
CHICAGO,CHICAGO,GPE,-0.11666666666666667,0.23333333333333334,en,2,,,,,,,,,,
Judea,Judea,GPE,0.09672619047619048,0.3318452380952381,en,2,,,,,,,,,,
the Islamic Republic,the Islamic Republic,GPE,0.2,0.525,en,2,,,,,,,,,,
Saudi Aramco's,Saudi Aramco's,GPE,0.0,0.0,en,2,,,,,,,,,,
Jazan,Jazan,GPE,0.0,0.0,en,2,,,,,,,,,,
Hampshire,Hampshire,GPE,-0.12083333333333333,0.12083333333333333,en,2,,,,,,,,,,
LASK,LASK,GPE,0.39999999999999997,0.4222222222222222,en,2,,,,,,,,,,
Ipswich,Ipswich,GPE,0.125,0.18333333333333332,en,2,,,,,,,,,,
Vegas,Vegas,GPE,0.0,0.0,en,2,,,,,,,,,,
the Northern Sea Route,the Northern Sea Route,LOC,-0.06666666666666665,0.7666666666666666,en,2,,,,,,,,,,
Rasuwa district,Rasuwa district,LOC,-0.10000000000000002,0.43333333333333335,en,2,,,,,,,,,,
Bali,Bali,GPE,-0.0625,0.1125,en,2,,,,,,,,,,
Porto,Porto,GPE,0.25833333333333336,0.29166666666666663,en,2,,,,,,,,,,
British Columbia,British Columbia,GPE,0.11142857142857143,0.21714285714285717,en,2,,,,,,,,,,
Shanghai,Shanghai,GPE,0.14166666666666666,0.39166666666666666,en,2,,,,,,,,,,
Venice,Venice,GPE,-0.3125,0.5,en,2,,,,,,,,,,
the Middle East's,the Middle East's,LOC,0.0,0.0,en,2,,,,,,,,,,
Glacial lake,Glacial lake,LOC,0.09541666666666666,0.5983333333333334,en,2,,,,,,,,,,
Jaffa,Jaffa,GPE,-0.08333333333333334,0.25,en,2,,,,,,,,,,
Caribbean,Caribbean,LOC,0.175,0.4375,en,2,,,,,,,,,,
Bitkom,Bitkom,GPE,-0.05587121212121212,0.2755681818181818,en,2,,,,,,,,,,
SINGAPORE,SINGAPORE,GPE,0.15,0.2333333333333333,en,2,,,,,,,,,,
the Danube River,the Danube River,LOC,0.0,0.09999999999999999,en,2,,,,,,,,,,
Harris County,Harris County,GPE,0.03333333333333333,0.06666666666666667,en,2,,,,,,,,,,
Pennsylvania,Pennsylvania,GPE,0.09659090909090909,0.6136363636363636,en,2,,,,,,,,,,
Kharkiv,Kharkiv,GPE,-0.10267857142857144,0.23750000000000002,en,2,,,,,,,,,,
Dakotas,Dakotas,GPE,-0.041249999999999995,0.6399999999999999,en,2,,,,,,,,,,
Gironde,Gironde,GPE,0.03125,0.25,en,2,,,,,,,,,,
PARIS,PARIS,GPE,-0.02840909090909091,0.17613636363636365,en,2,,,,,,,,,,
Maryland,Maryland,GPE,-0.5888888888888889,0.7944444444444445,en,2,,,,,,,,,,
Korala,Korala,GPE,-0.020833333333333332,0.07916666666666666,en,2,,,,,,,,,,
Punjab,Punjab,GPE,0.125,0.125,en,2,,,,,,,,,,
Rajasthan,Rajasthan,GPE,0.0,0.0,en,2,,,,,,,,,,
Agra,Agra,GPE,0.03333333333333333,0.06666666666666667,en,2,,,,,,,,,,
Kerala,Kerala,GPE,0.016666666666666666,0.03333333333333333,en,2,,,,,,,,,,
CJI,CJI,GPE,0.1,0.525,en,2,,,,,,,,,,
Barbican,Barbican,GPE,-0.0625,0.375,en,2,,,,,,,,,,
Hakone,Hakone,GPE,0.39374999999999993,0.7104166666666667,en,2,,,,,,,,,,
the United States Geological Survey,the United States Geological Survey,GPE,0.0,0.0,en,2,,,,,,,,,,
Mount Everest,Mount Everest,LOC,0.05,0.1625,en,2,,,,,,,,,,
Bagmati,Bagmati,GPE,-0.1975,0.42125,en,2,,,,,,,,,,
MANILA,MANILA,GPE,-0.125,0.375,en,2,,,,,,,,,,
NYC,NYC,GPE,-0.04375,0.475,en,2,,,,,,,,,,
Trishuli River,Trishuli River,LOC,-0.1,0.1,en,2,,,,,,,,,,
Pattaya,Pattaya,GPE,0.0,0.0,en,2,,,,,,,,,,
Leipzig,Leipzig,GPE,0.017045454545454544,0.06515151515151515,en,2,,,,,,,,,,
Tanganyika,Tanganyika,GPE,-0.025,0.32499999999999996,en,2,,,,,,,,,,
CALIFORNIA,CALIFORNIA,GPE,-0.05,0.25,en,2,,,,,,,,,,
the Bhotekoshi River,the Bhotekoshi River,LOC,0.026041666666666668,0.20104166666666667,en,2,,,,,,,,,,
the Trishuli valley,the Trishuli valley,LOC,0.013846153846153855,0.30653846153846154,en,2,,,,,,,,,,
Yaroslavl,Yaroslavl,GPE,0.0,0.0,en,2,,,,,,,,,,
Delta State,Delta State,LOC,0.0,0.4145833333333333,en,2,,,,,,,,,,
Anadolu,Anadolu,GPE,0.25,0.25,en,2,,,,,,,,,,
Fifa,Fifa,GPE,0.4,0.325,en,2,,,,,,,,,,
the Gulf of Aden,the Gulf of Aden,LOC,0.0,0.0,en,2,,,,,,,,,,
Melbourne,Melbourne,GPE,-0.25,0.25,en,2,,,,,,,,,,
Chernomorsk,Chernomorsk,GPE,0.055555555555555566,0.2,en,2,,,,,,,,,,
Mokha,Mokha,GPE,0.016666666666666666,0.19166666666666665,en,2,,,,,,,,,,
Southern Africa,Southern Africa,LOC,0.09983766233766234,0.2077922077922078,en,2,,,,,,,,,,
GENEVA,GENEVA,GPE,-0.13333333333333333,0.03333333333333333,en,2,,,,,,,,,,
VIENTIANE,VIENTIANE,GPE,-0.16666666666666666,0.16666666666666666,en,2,,,,,,,,,,
Thursda,Thursda,GPE,-0.1875,0.1205357142857143,en,2,,,,,,,,,,
Elektrostal,Elektrostal,GPE,-0.014583333333333335,0.30625,en,2,,,,,,,,,,
Slavyansk,Slavyansk,GPE,4.625929269271485e-18,0.35000000000000003,en,2,,,,,,,,,,
Kramatorsk,Kramatorsk,GPE,0.012500000000000002,0.35,en,2,,,,,,,,,,
Dnepropetrovsk,Dnepropetrovsk,GPE,-0.06666666666666667,0.06666666666666667,en,2,,,,,,,,,,
Saqqara,Saqqara,GPE,-0.03333333333333333,0.10833333333333334,en,2,,,,,,,,,,
Naftogaz,Naftogaz,GPE,0.0,0.0,en,2,,,,,,,,,,
Silicon Valley,Silicon Valley,LOC,0.0,0.0,en,2,,,,,,,,,,
Sussex,Sussex,GPE,0.15714285714285717,0.16904761904761909,en,2,,,,,,,,,,
earth,earth,LOC,-0.05208333333333333,0.05208333333333333,en,2,,,,,,,,,,
UBS,UBS,GPE,-0.05,0.45,en,2,,,,,,,,,,
Central Park,Central Park,LOC,0.043055555555555555,0.2798611111111111,en,2,,,,,,,,,,
AUSTIN,AUSTIN,GPE,0.5,0.5,en,2,,,,,,,,,,
SARAJEVO,SARAJEVO,GPE,-0.8,1.0,en,2,,,,,,,,,,
QINGDAO,QINGDAO,GPE,0.24242424242424243,0.44696969696969696,en,2,,,,,,,,,,
North America,North America,LOC,0.25,0.25,en,2,,,,,,,,,,
BELARUS,BELARUS,GPE,0.5,0.5,en,2,,,,,,,,,,
Kill Zone,Kill Zone,GPE,0.02,0.18,en,2,,,,,,,,,,
Melitopol,Melitopol,GPE,0.05,0.2,en,2,,,,,,,,,,
Massachusetts,Massachusetts,GPE,0.15,0.2,en,2,,,,,,,,,,
Gosport,Gosport,GPE,-0.24166666666666667,0.24166666666666667,en,1,,,,,,,,,,
Ligue,Ligue,GPE,0.0,0.0,en,1,,,,,,,,,,
the Islamic Republic's,the Islamic Republic's,GPE,-0.1,0.4,en,1,,,,,,,,,,
Suez,Suez,LOC,0.3,0.44166666666666665,en,1,,,,,,,,,,
Meridiam,Meridiam,GPE,-0.020454545454545458,0.3234848484848485,en,1,,,,,,,,,,
Mississippi,Mississippi,GPE,-0.08333333333333333,0.3,en,1,,,,,,,,,,
Falconets,Falconets,GPE,0.0,1.0,en,1,,,,,,,,,,
Fe,Fe,GPE,0.25,0.25,en,1,,,,,,,,,,
Assam,Assam,GPE,0.0,0.0,en,1,,,,,,,,,,
Canton,Canton,GPE,-0.1,0.05,en,1,,,,,,,,,,
Brookfield,Brookfield,GPE,0.02159090909090909,0.26363636363636367,en,1,,,,,,,,,,
new Gulf,new Gulf,LOC,0.13636363636363635,0.45454545454545453,en,1,,,,,,,,,,
Wrexham,Wrexham,GPE,0.03333333333333333,0.06666666666666667,en,1,,,,,,,,,,
STOCKHOLM,STOCKHOLM,GPE,0.0,0.06666666666666667,en,1,,,,,,,,,,
the Bal... STOCKHOLM,the Bal... STOCKHOLM,GPE,0.0,0.06666666666666667,en,1,,,,,,,,,,
Syfrubesi,Syfrubesi,GPE,0.0,0.0,en,1,,,,,,,,,,
Bypass Strait,Bypass Strait,LOC,0.3,0.0,en,1,,,,,,,,,,
Doubao,Doubao,GPE,-0.1606060606060606,0.5090909090909091,en,1,,,,,,,,,,
AMMAN,AMMAN,GPE,0.075,0.21666666666666667,en,1,,,,,,,,,,
Asheville,Asheville,GPE,0.095,0.335,en,1,,,,,,,,,,
Dhruv Kapila,Dhruv Kapila,GPE,0.06666666666666667,0.5166666666666667,en,1,,,,,,,,,,
the United Arab E,the United Arab E,GPE,0.075,0.21666666666666667,en,1,,,,,,,,,,
Neverness,Neverness,LOC,-0.1606060606060606,0.5090909090909091,en,1,,,,,,,,,,
Everness,Everness,GPE,-0.1606060606060606,0.5090909090909091,en,1,,,,,,,,,,
Temasek,Temasek,GPE,0.0,0.0,en,1,,,,,,,,,,
Gyirong,Gyirong,GPE,0.0,1.0,en,1,,,,,,,,,,
Amalfi Coast,Amalfi Coast,LOC,0.05,0.3875,en,1,,,,,,,,,,
SUZHOU,SUZHOU,GPE,0.07575757575757576,0.8484848484848485,en,1,,,,,,,,,,
Briton,Briton,GPE,-0.05,0.4,en,1,,,,,,,,,,
Persian Gulf,Persian Gulf,LOC,0.0,0.625,en,1,,,,,,,,,,
KONG,KONG,GPE,0.06666666666666667,0.7333333333333334,en,1,,,,,,,,,,
Grand Canyon,Grand Canyon,LOC,0.05909090909090908,0.3886363636363636,en,1,,,,,,,,,,
the Pacific Islands Forum,the Pacific Islands Forum,LOC,0.0,0.0,en,1,,,,,,,,,,
ROME,ROME,GPE,0.15000000000000002,0.44166666666666665,en,1,,,,,,,,,,
Pacific Islands Forum,Pacific Islands Forum,LOC,0.0,0.0,en,1,,,,,,,,,,
the Suez Canal,the Suez Canal,LOC,-0.05333333333333332,0.3466666666666667,en,1,,,,,,,,,,
Calif.,Calif.,GPE,0.0,0.0,en,1,,,,,,,,,,
SANTA MONICA,SANTA MONICA,GPE,0.0,0.0,en,1,,,,,,,,,,
Bab el-Mandeb Strait,Bab el-Mandeb Strait,GPE,0.0,0.0,en,1,,,,,,,,,,
Berkshire,Berkshire,GPE,0.054761904761904755,0.30952380952380953,en,1,,,,,,,,,,
Schwing,Schwing,GPE,0.0,0.0,en,1,,,,,,,,,,
Chennai,Chennai,GPE,0.0,0.0,en,1,,,,,,,,,,
Idaho,Idaho,GPE,0.13333333333333333,0.26666666666666666,en,1,,,,,,,,,,
al-Makha (,al-Makha (,LOC,0.0,0.0,en,1,,,,,,,,,,
Perim island,Perim island,LOC,0.0,0.6666666666666666,en,1,,,,,,,,,,
suppo,suppo,GPE,0.04545454545454545,0.15151515151515152,en,1,,,,,,,,,,
Key Strait,Key Strait,LOC,0.05,0.7,en,1,,,,,,,,,,
the Africa Corps,the Africa Corps,GPE,-0.3,0.2,en,1,,,,,,,,,,
El Nino,El Nino,GPE,0.0,0.0,en,1,,,,,,,,,,
The New Republic,The New Republic,GPE,0.06818181818181818,0.22727272727272727,en,1,,,,,,,,,,
MACAO,MACAO,GPE,0.2,0.2,en,1,,,,,,,,,,
al-Makha,al-Makha,LOC,0.13636363636363635,0.45454545454545453,en,1,,,,,,,,,,
Chelsea,Chelsea,GPE,0.0,0.0,en,1,,,,,,,,,,
the West,the West,LOC,-0.05,0.4625,en,1,,,,,,,,,,
Man City's,Man City's,GPE,0.0,0.0,en,1,,,,,,,,,,
N Korea’s,N Korea’s,GPE,0.0,0.0,en,1,,,,,,,,,,
huma,huma,GPE,0.04545454545454545,0.15151515151515152,en,1,,,,,,,,,,
Africas,Africas,GPE,0.3181818181818182,0.4772727272727273,en,1,,,,,,,,,,
Saudi Ar…,Saudi Ar…,GPE,-0.03333333333333333,0.19999999999999998,en,1,,,,,,,,,,
Izu Peninsula,Izu Peninsula,LOC,-0.30000000000000004,0.39999999999999997,en,1,,,,,,,,,,
Modi,Modi,GPE,0.0,0.0,en,1,,,,,,,,,,
Zelensky,Zelensky,GPE,0.0,0.0,en,1,,,,,,,,,,
Mokha ADEN,Mokha ADEN,GPE,0.03333333333333333,0.13333333333333333,en,1,,,,,,,,,,
the Bagmati River,the Bagmati River,LOC,0.09999999999999999,0.35000000000000003,en,1,,,,,,,,,,
Gumel,Gumel,GPE,0.0,0.0,en,1,,,,,,,,,,
Gaddafi,Gaddafi,GPE,0.0,0.0,en,1,,,,,,,,,,
Wildcats,Wildcats,LOC,0.0,0.0,en,1,,,,,,,,,,
Trishu,Trishu,GPE,0.0,0.0,en,1,,,,,,,,,,
Himachal Pradesh,Himachal Pradesh,GPE,0.08333333333333333,0.5166666666666667,en,1,,,,,,,,,,
Huggel,Huggel,GPE,0.08333333333333333,0.5166666666666667,en,1,,,,,,,,,,
Randhawa,Randhawa,GPE,0.08333333333333333,0.5166666666666667,en,1,,,,,,,,,,
A.,A.,GPE,0.08333333333333333,0.5166666666666667,en,1,,,,,,,,,,
Linsbauer,Linsbauer,GPE,0.08333333333333333,0.5166666666666667,en,1,,,,,,,,,,
FRANKFURT,FRANKFURT,GPE,0.020833333333333332,0.3666666666666667,en,1,,,,,,,,,,
glacial lake,glacial lake,LOC,0.0,0.0,en,1,,,,,,,,,,
MONTEGO BAY,MONTEGO BAY,LOC,0.175,0.4375,en,1,,,,,,,,,,
Colorado,Colorado,GPE,0.0,0.0,en,1,,,,,,,,,,
Gyirong County,Gyirong County,GPE,-0.10000000000000002,0.3083333333333333,en,1,,,,,,,,,,
Ituri,Ituri,GPE,0.00416666666666667,0.26666666666666666,en,1,,,,,,,,,,
Darfur,Darfur,GPE,0.0,0.0,en,1,,,,,,,,,,
‌meeting,‌meeting,GPE,0.0,0.11666666666666665,en,1,,,,,,,,,,
Stubb,Stubb,GPE,0.0,0.0,en,1,,,,,,,,,,
Scottish Highlands,Scottish Highlands,LOC,0.0,0.0,en,1,,,,,,,,,,
Taangahar,Taangahar,GPE,0.0,0.0,en,1,,,,,,,,,,
el-Sisi,el-Sisi,LOC,0.0,0.0,en,1,,,,,,,,,,
Essex,Essex,GPE,0.0,0.03333333333333333,en,1,,,,,,,,,,
the United S,the United S,GPE,0.0,0.0,en,1,,,,,,,,,,
overf,overf,GPE,0.0,0.0,en,1,,,,,,,,,,
Middlesbrough,Middlesbrough,GPE,0.0,0.0,en,1,,,,,,,,,,
the Yangtze River,the Yangtze River,LOC,0.016666666666666673,0.25,en,1,,,,,,,,,,
mumbai,mumbai,GPE,0.0,0.0,en,1,,,,,,,,,,
Mount Kailash,Mount Kailash,LOC,0.5,0.625,en,1,,,,,,,,,,
the Ali al-Taher Ridge,the Ali al-Taher Ridge,LOC,0.05000000000000001,0.31666666666666665,en,1,,,,,,,,,,
Thai beach city,Thai beach city,GPE,0.0,0.0,en,1,,,,,,,,,,
New US,New US,GPE,0.06628787878787878,0.3181818181818182,en,1,,,,,,,,,,
desert valley,desert valley,LOC,0.1,0.4,en,1,,,,,,,,,,
IRVING,IRVING,GPE,0.2590909090909091,0.41363636363636364,en,1,,,,,,,,,,
EEA,EEA,GPE,0.03214285714285715,0.11607142857142858,en,1,,,,,,,,,,
the Security Zone,the Security Zone,LOC,0.05000000000000001,0.31666666666666665,en,1,,,,,,,,,,
EU,EU,GPE,0.03214285714285715,0.11607142857142858,en,1,,,,,,,,,,
South Yorkshire,South Yorkshire,GPE,0.0,0.0,en,1,,,,,,,,,,
Hebei,Hebei,GPE,0.0,0.0,en,1,,,,,,,,,,
Gangtok,Gangtok,GPE,0.0,0.0,en,1,,,,,,,,,,
Nice,Nice,GPE,0.6,1.0,en,1,,,,,,,,,,
intermitte,intermitte,GPE,-0.125,0.2,en,1,,,,,,,,,,
Bobo-Dioulasso,Bobo-Dioulasso,GPE,0.0,0.0,en,1,,,,,,,,,,
N.C.,N.C.,GPE,0.3,0.9,en,1,,,,,,,,,,
South Caucasus,South Caucasus,GPE,0.04545454545454545,0.15151515151515152,en,1,,,,,,,,,,
Branson,Branson,GPE,-0.0625,0.2375,en,1,,,,,,,,,,
Hainan,Hainan,GPE,0.275,0.65,en,1,,,,,,,,,,
Hawaii,Hawaii,GPE,0.275,0.65,en,1,,,,,,,,,,
CHINA,CHINA,GPE,0.35,0.7,en,1,,,,,,,,,,
Nuwakot,Nuwakot,GPE,0.1,0.4,en,1,,,,,,,,,,
pe…,pe…,GPE,-0.0375,0.375,en,1,,,,,,,,,,
Chang'e,Chang'e,GPE,-0.024999999999999994,0.4,en,1,,,,,,,,,,
Nile,Nile,LOC,0.06818181818181818,0.22727272727272727,en,1,,,,,,,,,,
NEPAL,NEPAL,GPE,-0.03333333333333333,0.09999999999999999,en,1,,,,,,,,,,
Jigawa State,Jigawa State,GPE,0.5,0.5,en,1,,,,,,,,,,
Mega-Dam,Mega-Dam,LOC,0.0,0.0,en,1,,,,,,,,,,
Le·gal,Le·gal,GPE,0.0625,0.13333333333333333,en,1,,,,,,,,,,
HOUSTON,HOUSTON,GPE,0.03333333333333333,0.06666666666666667,en,1,,,,,,,,,,
Mount Qomolangma,Mount Qomolangma,LOC,0.0,0.0,en,1,,,,,,,,,,
Sikkim glacial,Sikkim glacial,LOC,-0.39999999999999997,0.6666666666666666,en,1,,,,,,,,,,
the Teesta Valley,the Teesta Valley,LOC,-0.39999999999999997,0.6666666666666666,en,1,,,,,,,,,,
the North Carolina Tar Heels,the North Carolina Tar Heels,GPE,0.05555555555555555,0.0811965811965812,en,1,,,,,,,,,,
DHADING,DHADING,GPE,-1.0,1.0,en,1,,,,,,,,,,
Gyirong county,Gyirong county,GPE,-0.025,0.12916666666666668,en,1,,,,,,,,,,
economi,economi,GPE,0.0,0.0,en,1,,,,,,,,,,
the Khumbu Glacier,the Khumbu Glacier,LOC,0.0,0.1,en,1,,,,,,,,,,
Other Middle East Developments,Other Middle East Developments,LOC,-0.0625,0.1875,en,1,,,,,,,,,,
Gloucester,Gloucester,GPE,0.0,0.0,en,1,,,,,,,,,,
San Andreas,San Andreas,LOC,0.0,0.0,en,1,,,,,,,,,,
Cascadia,Cascadia,GPE,0.0,0.0,en,1,,,,,,,,,,
Kpenya,Kpenya,GPE,0.0,0.0,en,1,,,,,,,,,,
Kondensat,Kondensat,GPE,-0.125,0.3875,en,1,,,,,,,,,,
the United Statess,the United Statess,GPE,0.05,0.15000000000000002,en,1,,,,,,,,,,
Nile dams,Nile dams,LOC,0.0,0.0,en,1,,,,,,,,,,
Occupied Territories,Occupied Territories,LOC,0.5,0.9,en,1,,,,,,,,,,
Brei,Brei,GPE,-0.11666666666666665,0.37777777777777777,en,1,,,,,,,,,,
Boreas,Boreas,GPE,0.0,0.0,en,1,,,,,,,,,,
Mount ‌Elbrus,Mount ‌Elbrus,GPE,-0.8,1.0,en,1,,,,,,,,,,
Mount Elbrus,Mount Elbrus,LOC,-0.2,0.4,en,1,,,,,,,,,,
Trumpishness,Trumpishness,GPE,9.25185853854297e-18,0.47500000000000003,en,1,,,,,,,,,,
Yaroun,Yaroun,GPE,-0.10000000000000002,0.13333333333333333,en,1,,,,,,,,,,
People's Republic,People's Republic,GPE,0.0,0.0,en,1,,,,,,,,,,
Kent,Kent,GPE,0.06212121212121211,0.41818181818181815,en,1,,,,,,,,,,
Kirilovka,Kirilovka,GPE,0.0,0.0,en,1,,,,,,,,,,
Exeter -,Exeter -,GPE,0.0,0.0,en,1,,,,,,,,,,
the Upper East Side,the Upper East Side,LOC,0.0,0.0625,en,1,,,,,,,,,,
ceasefireRBC,ceasefireRBC,GPE,0.5,0.5,en,1,,,,,,,,,,
Wildberries,Wildberries,GPE,0.009999999999999998,0.12,en,1,,,,,,,,,,
WWIII,WWIII,GPE,0.375,0.75,en,1,,,,,,,,,,
Yorkshire,Yorkshire,GPE,-0.05,0.35,en,1,,,,,,,,,,
Rheinmetall,Rheinmetall,GPE,0.0,0.0,en,1,,,,,,,,,,
Chonhar,Chonhar,GPE,0.06666666666666667,0.23333333333333334,en,1,,,,,,,,,,
Himalayan kingdom,Himalayan kingdom,GPE,0.2875,0.34375,en,1,,,,,,,,,,
Leningrad Region,Leningrad Region,LOC,-0.02,0.12000000000000002,en,1,,,,,,,,,,
Orlando City,Orlando City,GPE,-0.071875,0.4083333333333333,en,1,,,,,,,,,,
Saint Petersburg,Saint Petersburg,GPE,0.1,0.4,en,1,,,,,,,,,,
KUALA LUMPUR,KUALA LUMPUR,GPE,0.0,0.0,en,1,,,,,,,,,,
South Ch…,South Ch…,GPE,-0.08333333333333333,0.25,en,1,,,,,,,,,,
Simferopol,Simferopol,GPE,-0.05,0.05,en,1,,,,,,,,,,
‌being,‌being,GPE,-0.8,1.0,en,1,,,,,,,,,,
Pride,Pride,LOC,-0.1375,0.125,en,1,,,,,,,,,,
retrosp,retrosp,GPE,0.3,0.7,en,1,,,,,,,,,,
BRUSSELS,BRUSSELS,GPE,0.1,0.6,en,1,,,,,,,,,,
The United Arab…,The United Arab…,GPE,0.0,0.0,en,1,,,,,,,,,,
Jehovah,Jehovah,GPE,0.0,0.0,en,1,,,,,,,,,,
Freeport,Freeport,GPE,-0.012500000000000011,0.6708333333333334,en,1,,,,,,,,,,
Altadena,Altadena,GPE,0.3333333333333333,0.5,en,1,,,,,,,,,,
Anchorage,Anchorage,GPE,0.10378787878787878,0.4431818181818182,en,1,,,,,,,,,,
BORDEAUX,BORDEAUX,GPE,-0.13333333333333333,0.6,en,1,,,,,,,,,,
Bahia State,Bahia State,GPE,-0.12000000000000002,0.5,en,1,,,,,,,,,,
Camacari,Camacari,GPE,-0.12000000000000002,0.5,en,1,,,,,,,,,,
the Greater Mekong Subregion,the Greater Mekong Subregion,LOC,0.21666666666666665,0.2833333333333333,en,1,,,,,,,,,,
Christchurch,Christchurch,GPE,-0.20833333333333337,0.2,en,1,,,,,,,,,,
Storrs,Storrs,GPE,0.13636363636363635,0.45454545454545453,en,1,,,,,,,,,,
Trum,Trum,GPE,0.1875,0.3333333333333333,en,1,,,,,,,,,,
Geneva,Geneva,GPE,0.016666666666666666,0.03333333333333333,en,1,,,,,,,,,,
This Sea,This Sea,LOC,0.0,0.1,en,1,,,,,,,,,,
Kerch Strait,Kerch Strait,LOC,0.0,0.0,en,1,,,,,,,,,,
Chekhov,Chekhov,GPE,0.20833333333333334,0.3,en,1,,,,,,,,,,
Saipem,Saipem,GPE,0.0,0.0,en,1,,,,,,,,,,
Rs,Rs,GPE,0.0,0.0,en,1,,,,,,,,,,
Waterford Township,Waterford Township,GPE,-0.06666666666666668,0.2333333333333333,en,1,,,,,,,,,,
The America… The United States,The America… The United States,LOC,0.1590909090909091,0.2803030303030303,en,1,,,,,,,,,,
LGBTQ+,LGBTQ+,GPE,-0.037500000000000006,0.42500000000000004,en,1,,,,,,,,,,
Tel Aviv's,Tel Aviv's,GPE,0.09999999999999999,0.3,en,1,,,,,,,,,,
Palestini,Palestini,GPE,0.09999999999999999,0.3,en,1,,,,,,,,,,
Tel Aviv’s,Tel Aviv’s,GPE,0.09999999999999999,0.3,en,1,,,,,,,,,,
Kharkov,Kharkov,GPE,0.03333333333333333,0.13333333333333333,en,1,,,,,,,,,,
Kharkov Region,Kharkov Region,GPE,0.0,0.0,en,1,,,,,,,,,,
Black Sea Tankers,Black Sea Tankers,LOC,-0.05208333333333333,0.4666666666666667,en,1,,,,,,,,,,
North Carolina,North Carolina,GPE,0.17857142857142858,0.2857142857142857,en,1,,,,,,,,,,
Fort Bragg,Fort Bragg,GPE,0.17857142857142858,0.2857142857142857,en,1,,,,,,,,,,
Bellingham,Bellingham,GPE,0.0,0.0,en,1,,,,,,,,,,
the Black Sea Coast,the Black Sea Coast,LOC,-0.16666666666666666,0.43333333333333335,en,1,,,,,,,,,,
Tambov,Tambov,GPE,0.1,0.4,en,1,,,,,,,,,,
Kostyantynivka,Kostyantynivka,GPE,0.375,0.875,en,1,,,,,,,,,,
Kotovsk,Kotovsk,GPE,-0.15000000000000002,0.05,en,1,,,,,,,,,,
Yuncheng,Yuncheng,GPE,0.0,1.0,en,1,,,,,,,,,,
Shanxi,Shanxi,GPE,0.1,0.1,en,1,,,,,,,,,,
LAOS,LAOS,GPE,-0.16666666666666666,0.16666666666666666,en,1,,,,,,,,,,
Kansas,Kansas,GPE,-0.8,1.0,en,1,,,,,,,,,,
Nagurskoye,Nagurskoye,GPE,-0.45,0.55,en,1,,,,,,,,,,
Far North,Far North,LOC,0.05,1.0,en,1,,,,,,,,,,
the Sea of Azov,the Sea of Azov,LOC,0.1488888888888889,0.3477777777777778,en,1,,,,,,,,,,
Sea of Azov,Sea of Azov,LOC,0.0,0.0,en,1,,,,,,,,,,
morti e,morti e,GPE,-0.125,0.375,en,1,,,,,,,,,,
ISLAMABAD,ISLAMABAD,GPE,-0.7,0.2,en,1,,,,,,,,,,
East Rutherford,East Rutherford,GPE,0.37878787878787873,0.5848484848484848,en,1,,,,,,,,,,
Yuzhny,Yuzhny,GPE,0.18333333333333335,0.3166666666666667,en,1,,,,,,,,,,
Andreyevka,Andreyevka,GPE,0.03333333333333333,0.13333333333333333,en,1,,,,,,,,,,
Ru...,Ru...,GPE,0.0,0.0,en,1,,,,,,,,,,
Black Sea Ports,Black Sea Ports,LOC,-0.2222222222222222,0.37777777777777777,en,1,,,,,,,,,,
Palmer,Palmer,GPE,0.375,0.75,en,1,,,,,,,,,,
Azov,Azov,LOC,-0.08611111111111112,0.24722222222222223,en,1,,,,,,,,,,
the Gulf region,the Gulf region,LOC,0.1,0.9,en,1,,,,,,,,,,
Druzkhivka,Druzkhivka,GPE,0.0,0.0,en,1,,,,,,,,,,
Minab,Minab,LOC,-0.31025641025641026,0.3538461538461539,en,1,,,,,,,,,,
Southern California,Southern California,LOC,0.0,0.05,en,1,,,,,,,,,,
Magyar,Magyar,LOC,0.0,0.0,en,1,,,,,,,,,,
Osaka,Osaka,GPE,0.3499999999999999,0.6833333333333335,en,1,,,,,,,,,,
Kyoto,Kyoto,GPE,0.3499999999999999,0.6833333333333335,en,1,,,,,,,,,,
Sapporo,Sapporo,GPE,0.3499999999999999,0.6833333333333335,en,1,,,,,,,,,,
Miyajima,Miyajima,LOC,0.3499999999999999,0.6833333333333335,en,1,,,,,,,,,,
Nunavut,Nunavut,GPE,0.13333333333333333,0.41111111111111115,en,1,,,,,,,,,,
Neptune,Neptune,LOC,-0.1,0.1,en,1,,,,,,,,,,
Trondheim,Trondheim,GPE,0.0,0.0,en,1,,,,,,,,,,
MEXICO CITY,MEXICO CITY,GPE,0.1,0.4,en,1,,,,,,,,,,
particularl,particularl,GPE,-0.125,0.375,en,1,,,,,,,,,,
Horn,Horn,LOC,0.0,0.0,en,1,,,,,,,,,,
the Horn of Africa's,the Horn of Africa's,LOC,0.0,0.0,en,1,,,,,,,,,,
the Horn of Africa,the Horn of Africa,LOC,0.0,0.0,en,1,,,,,,,,,,
Corn Ship Off,Corn Ship Off,LOC,0.0,0.0,en,1,,,,,,,,,,
The Black Sea,The Black Sea,LOC,-0.08333333333333333,0.26666666666666666,en,1,,,,,,,,,,
Black Sea Logistics,Black Sea Logistics,LOC,0.016666666666666677,0.4166666666666667,en,1,,,,,,,,,,
Minnesota,Minnesota,GPE,0.0,0.5,en,1,,,,,,,,,,
Kentucky,Kentucky,GPE,0.0,0.0,en,1,,,,,,,,,,
Maine,Maine,GPE,0.0,0.0,en,1,,,,,,,,,,
Cambridge,Cambridge,GPE,-0.03125,0.28125,en,1,,,,,,,,,,
Tala,Tala,GPE,0.0,0.0,en,1,,,,,,,,,,
the English Channel,the English Channel,LOC,-0.16666666666666666,0.20000000000000004,en,1,,,,,,,,,,
Tre…,Tre…,GPE,0.11249999999999999,0.35624999999999996,en,1,,,,,,,,,,
tempe,tempe,GPE,0.0,0.0,en,1,,,,,,,,,,
The United States Mission,The United States Mission,GPE,0.5,0.5,en,1,,,,,,,,,,
VANCOUVER,VANCOUVER,GPE,0.22285714285714286,0.43428571428571433,en,1,,,,,,,,,,
Lake Worth,Lake Worth,GPE,-0.05000000000000002,0.25,en,1,,,,,,,,,,
Fort Worth,Fort Worth,GPE,-0.05000000000000002,0.25,en,1,,,,,,,,,,
‌to,‌to,GPE,0.19999999999999998,0.6,en,1,,,,,,,,,,
Aviv,Aviv,GPE,0.21818181818181817,0.32727272727272727,en,1,,,,,,,,,,
Middle Eastern,Middle Eastern,LOC,0.18939393939393936,0.34242424242424246,en,1,,,,,,,,,,
Eyval,Eyval,GPE,0.18939393939393936,0.34242424242424246,en,1,,,,,,,,,,
Julián,Julián,GPE,0.0,0.0,en,1,,,,,,,,,,
Hsinchu Airbase,Hsinchu Airbase,GPE,0.4,0.5,en,1,,,,,,,,,,
the Donetsk People’s Republic,the Donetsk People’s Republic,GPE,0.025,0.35,en,1,,,,,,,,,,
Hodeida,Hodeida,GPE,0.05555555555555555,0.19444444444444442,en,1,,,,,,,,,,
Saudi Aramco,Saudi Aramco,LOC,0.0,0.5,en,1,,,,,,,,,,
Eastern Mediterranean Sea,Eastern Mediterranean Sea,LOC,0.325,0.7250000000000001,en,1,,,,,,,,,,
Samaria,Samaria,GPE,0.11607142857142858,0.3482142857142857,en,1,,,,,,,,,,
DAMASCUS,DAMASCUS,GPE,0.04545454545454545,0.15151515151515152,en,1,,,,,,,,,,
Palestine‘s Occupied Territories,Palestine‘s Occupied Territories,GPE,0.04999999999999999,0.75,en,1,,,,,,,,,,
Jenin,Jenin,GPE,0.0,0.0,en,1,,,,,,,,,,
Birmingham,Birmingham,GPE,0.325,0.3125,en,1,,,,,,,,,,
Madaoua,Madaoua,GPE,0.0,0.0,en,1,,,,,,,,,,
northwest Africa,northwest Africa,GPE,0.25,0.575,en,1,,,,,,,,,,
bin,bin,GPE,0.0,0.0,en,1,,,,,,,,,,
Tutankhamu,Tutankhamu,GPE,0.0,0.0,en,1,,,,,,,,,,
bec,bec,GPE,0.0,0.0,en,1,,,,,,,,,,
San Millán de los Caballeros,San Millán de los Caballeros,LOC,-0.08333333333333333,0.6333333333333333,en,1,,,,,,,,,,
Euronews,Euronews,GPE,0.75,0.95,en,1,,,,,,,,,,
Illinois,Illinois,GPE,0.0,0.0,en,1,,,,,,,,,,
Midwest,Midwest,LOC,0.0,0.0,en,1,,,,,,,,,,
Burgas,Burgas,GPE,0.0,0.0,en,1,,,,,,,,,,
Eurovision Song Contest,Eurovision Song Contest,GPE,0.0,0.0,en,1,,,,,,,,,,
collaboratio,collaboratio,GPE,0.0,0.25,en,1,,,,,,,,,,
Putin,Putin,GPE,0.0,0.0,en,1,,,,,,,,,,
Peshawar,Peshawar,GPE,0.0,0.0,en,1,,,,,,,,,,
crystal waters,crystal waters,LOC,0.6,0.95,en,1,,,,,,,,,,
Clearing,Clearing,GPE,0.3,0.75,en,1,,,,,,,,,,
Teesside,Teesside,GPE,0.3,0.75,en,1,,,,,,,,,,
Worcester,Worcester,GPE,0.3,0.75,en,1,,,,,,,,,,
Cornwall,Cornwall,GPE,0.45,0.7875,en,1,,,,,,,,,,
the Itaipu River,the Itaipu River,LOC,-0.1,0.1,en,1,,,,,,,,,,
Black Sea Novorossiysk,Black Sea Novorossiysk,LOC,-0.16666666666666666,0.43333333333333335,en,1,,,,,,,,,,
Munich,Munich,GPE,0.0,0.5,en,1,,,,,,,,,,
north Wales,north Wales,GPE,0.0,0.0,en,1,,,,,,,,,,
desi,desi,GPE,0.05,0.3333333333333333,en,1,,,,,,,,,,
the United Ara,the United Ara,GPE,0.13333333333333333,0.6,en,1,,,,,,,,,,
GLASGOW,GLASGOW,GPE,0.11000000000000001,0.5966666666666667,en,1,,,,,,,,,,
Continental Wildlife Corridors,Continental Wildlife Corridors,LOC,0.30000000000000004,0.525,en,1,,,,,,,,,,
Baffin Island,Baffin Island,GPE,0.21666666666666667,0.4,en,1,,,,,,,,,,
Lake Bonney,Lake Bonney,LOC,-0.06666666666666665,0.6,en,1,,,,,,,,,,
the Taylor Glacier,the Taylor Glacier,LOC,-0.06666666666666665,0.6,en,1,,,,,,,,,,
Herschel Island,Herschel Island,LOC,0.19999999999999998,0.6,en,1,,,,,,,,,,
the Barents Sea,the Barents Sea,LOC,-0.26875,0.6,en,1,,,,,,,,,,
KYIV,KYIV,GPE,0.09999999999999999,0.3333333333333333,en,1,,,,,,,,,,
Las Vegas,Las Vegas,GPE,-0.125,1.0,en,1,,,,,,,,,,
Dawson Creek,Dawson Creek,GPE,0.0,0.0,en,1,,,,,,,,,,
Delta Junction,Delta Junction,LOC,0.0,0.0,en,1,,,,,,,,,,
Alaska Highway,Alaska Highway,GPE,0.0,0.0,en,1,,,,,,,,,,
institut,institut,GPE,0.05,0.15,en,1,,,,,,,,,,
li>'Motorcycle,li>'Motorcycle,GPE,-0.005555555555555557,0.022222222222222223,en,1,,,,,,,,,,
kolkata,kolkata,GPE,-0.005555555555555557,0.022222222222222223,en,1,,,,,,,,,,
le…,le…,GPE,0.0,0.0,en,1,,,,,,,,,,
Stavanger,Stavanger,GPE,0.25,0.55,en,1,,,,,,,,,,
SEVILLE,SEVILLE,GPE,-0.03333333333333333,0.03333333333333333,en,1,,,,,,,,,,
Naples,Naples,GPE,0.020833333333333332,0.16666666666666666,en,1,,,,,,,,,,
Milan,Milan,GPE,0.020833333333333332,0.16666666666666666,en,1,,,,,,,,,,
Ukrainian,Ukrainian,GPE,0.0,0.0,en,1,,,,,,,,,,
Glasgow,Glasgow,GPE,0.4375,0.7375,en,1,,,,,,,,,,
Fulton County,Fulton County,GPE,0.0,0.0,en,1,,,,,,,,,,
the Barnes Ice Cap,the Barnes Ice Cap,GPE,0.25,0.41666666666666663,en,1,,,,,,,,,,
the Sahara Desert,the Sahara Desert,LOC,0.05,0.4,en,1,,,,,,,,,,
LUCERNE,LUCERNE,GPE,0.125,0.3125,en,1,,,,,,,,,,
the Gobi Desert,the Gobi Desert,LOC,0.05,0.4,en,1,,,,,,,,,,
Taiz city,Taiz city,GPE,0.0,0.0,en,1,,,,,,,,,,
Brovary,Brovary,GPE,-0.08333333333333333,0.11666666666666665,en,1,,,,,,,,,,
san,san,GPE,0.09166666666666667,0.25,en,1,,,,,,,,,,
Baltics,Baltics,LOC,0.05,0.7,en,1,,,,,,,,,,
Akhtyrka,Akhtyrka,GPE,0.0,0.0,en,1,,,,,,,,,,
Sumy Region - Military,Sumy Region - Military,LOC,-0.1,0.1,en,1,,,,,,,,,,
Fla.,Fla.,GPE,0.13035714285714287,0.3589285714285714,en,1,,,,,,,,,,
Cape … CAPE,Cape … CAPE,GPE,0.5,0.5,en,1,,,,,,,,,,
the Pacific Northwest,the Pacific Northwest,LOC,0.0,0.0,en,1,,,,,,,,,,
Spokane,Spokane,GPE,0.0,0.0,en,1,,,,,,,,,,
Southern California Edison,Southern California Edison,LOC,-0.1,0.2,en,1,,,,,,,,,,
Danube River's,Danube River's,LOC,0.0,0.3,en,1,,,,,,,,,,
Ukrinform,Ukrinform,GPE,0.0,0.0,en,1,,,,,,,,,,
Al Khasab,Al Khasab,GPE,0.0,0.44999999999999996,en,1,,,,,,,,,,
North Sea,North Sea,LOC,0.0,0.0,en,1,,,,,,,,,,
Channel,Channel,GPE,0.0,0.0,en,1,,,,,,,,,,
Tver,Tver,GPE,-0.16666666666666666,0.13333333333333333,en,1,,,,,,,,,,
Gansu Province,Gansu Province,GPE,0.05,0.4,en,1,,,,,,,,,,
Dunhuang,Dunhuang,GPE,0.05,0.4,en,1,,,,,,,,,,
Gobi Desert,Gobi Desert,GPE,0.05,0.4,en,1,,,,,,,,,,
Crescent Lake,Crescent Lake,LOC,0.05,0.4,en,1,,,,,,,,,,
the Bab el-Mandeb Strait,the Bab el-Mandeb Strait,GPE,0.0,0.6666666666666666,en,1,,,,,,,,,,
