keyword,sentiment_mean,sentiment_std,subjectivity_mean,subjectivity_std,counting
'Abu Dhabi',-0.041157048639067495,1.0,-0.5959833300241172,1.0,1.0
'Abuja',-0.21660734167102302,0.6165052690509405,-0.06490705965011692,0.5252644445893143,3.0
'Afghanistan',0.3941187554419341,0.6784667359122788,0.39149444549344753,0.9304384464166331,3.0
'Algeria',-0.38179843922197326,1.0,0.756124382701406,1.0,1.0
'Algiers',0.043464879239104845,1.0,-0.6189644336289668,1.0,1.0
'Ankara',0.6434085412224999,0.8963446550805535,0.342312992746812,1.3159517647842265,7.0
'Arctic',0.25706823704220927,0.880406204016611,0.5625664418756865,0.9015916347844221,23.0
'Argentina',0.2668227776187526,0.963688240731985,0.5372844592516712,0.5556168362619842,9.0
'Armenia',0.35000000000000003,1.0,0.32499999999999996,1.0,1.0
'Asia',-0.08824490433390665,0.8543753048662573,0.3932233835149746,0.4406682969728178,3.0
'Athens',1.03003397115445,1.0,-0.032147721420650144,1.0,1.0
'Australia',0.0737643256727806,0.9153723608021104,0.192135477095618,0.7563409775935775,10.0
'BEIJING',0.002154042490406529,0.9137099270141325,0.09010484734143871,0.992468474752252,34.0
'Bahamas',0.17537268161225003,0.16404660364777246,0.7698650220340246,0.5572706256910844,3.0
'Baku',-1.0338090663284456,1.0,0.3016442543186347,1.0,1.0
'Bangladesh',0.8121587288195393,1.0,-0.7180474627671656,1.0,1.0
'Beijing',-0.10943248461370812,0.9790099460516244,-0.07561932913845358,0.8693252423562031,9.0
'Beirut',0.37815313197912687,1.0,-0.1885501321438884,1.0,1.0
'Belarus',2.8170623195601743,1.0,0.7995955666677788,1.0,1.0
'Belgium',1.0232468473737162,1.2999852741870712,0.3166946211082495,0.7954715621137114,5.0
'Berlin',-0.09860547501180587,0.5170727666496859,0.053511139157594145,0.7125767557928125,12.0
'Bishkek',-0.37084935129456514,0.2942216188311206,-0.04288543470977609,1.0545049846272452,3.0
'Bosnia and Herzegovina',0.21720520997037454,1.3748488085978068,0.48883575397445234,0.15895814299943992,4.0
'Brazil',-0.5802093852503768,0.8182951982049006,-0.14597714474542134,0.9090600722173463,2.0
'Britain',0.26571370778050996,0.8581136000069522,0.19892156300844127,0.7280281390431,32.0
'Brussels',0.7762591261284205,0.3301372483396633,0.14837884076951646,0.5270210686971761,2.0
'Bucharest',-0.025946663869934827,0.9606440685818666,0.09273327915875887,0.16895384978850897,2.0
'Bulgaria',-1.4927245077039006,1.0,0.9952508855058404,1.0,1.0
'Burkina Faso',0.166700399400391,0.7370024768638883,-0.3698529498250982,1.6883281933469896,2.0
'CAIRO',0.08956730142925237,0.9075347550849493,0.1045673531870943,1.0238454061694455,30.0
'Cairo',0.03937689698575864,1.5086700409635303,0.1566892406846371,1.0470322176715579,12.0
'Cambodia',1.3838497353448496,1.0,0.18566250758660968,1.0,1.0
'Canada',0.4902738397825459,1.0914906708845142,0.8167219901248984,1.1500841366473138,10.0
'Chicago',0.11178451178451182,1.0,0.4732323232323233,1.0,1.0
'China',0.007333764703506746,0.9507956113574559,0.11173284035113369,0.9481220940463482,150.0
'Colombia',-0.7505890871999864,1.0,-0.35418583556601335,1.0,1.0
'Copenhagen',1.0063286567567022,0.0049670675999992035,0.15817753415673574,1.838637063742913,2.0
'Crimea',-0.1821731752237965,1.260389576836859,0.16120833729215128,1.3842852233019047,4.0
'Cuba',0.2701338908731877,0.5929701755076338,-0.4361922109647235,0.571273396780566,5.0
'DUBAI',0.2971784096708566,0.4784565244519691,0.5596445772058214,1.2678175600291368,9.0
'Denmark',1.4790968135135794,1.0,2.305346219177377,1.0,1.0
'Donbass',0.16115779168914376,0.7733759791435192,-0.14708142842954736,0.7390832793891122,45.0
'Dubai',0.5580294961970446,0.7998624276969716,0.22398727842826302,1.1714388260716828,9.0
'Dublin',0.7216702058078117,1.0,0.6493368716605148,1.0,1.0
'East Jerusalem',0.025088205844640193,1.1119940895625395,0.039447667300839664,0.7601802872273823,8.0
'Ecuador',1.215700699317621,1.0,0.46980111397628505,1.0,1.0
'Egypt',0.33980279179786244,0.9610920090115731,0.14436743381191994,0.5135282813172399,9.0
'El Salvador',0.19130804025658785,1.0,1.0088954498689569,1.0,1.0
'England',0.7156010473742702,1.0431316932717032,0.4967781551742466,0.6933488391611896,14.0
'Estonia',-0.13923441154579158,1.0,-0.7258528664604078,1.0,1.0
'Europe',0.1761180044934673,0.9003738394354559,0.1075904932103604,0.9263570347903499,119.0
'Finland',0.29032900614341844,0.5894127819616759,-0.26385763367308257,1.3731510440761452,2.0
'France',-0.1723769746193504,0.8598650626927488,0.004450459491126128,0.8787175795256681,17.0
'French Southern Territories',0.8092732901260762,0.1444852625625936,1.1744603843020205,0.6609378039498345,2.0
'Funafuti',0.3905637149654395,0.9436294611570539,1.451401822065851,0.08650135633573142,2.0
'Gaza',0.11427048122299575,0.9909846960604896,0.1782630739559819,1.1081169823233963,14.0
'George Town',-0.4467374588577888,0.7647653640780903,-0.9486185028094598,0.31795011722117655,2.0
'Georgia',-0.04599444099028793,0.6522047900262484,-0.13869508868586347,1.3081640836802644,3.0
'Germany',0.3596630466291092,0.957286696767449,0.17580441145860107,0.9445959137780409,22.0
'Greece',0.007008448492035034,0.7322075965596574,-0.3409665201275431,0.6644847799820814,3.0
'Greenland',0.9604206402131863,0.8766579888976741,0.4207509762579563,0.820438452608322,7.0
'Guatemala',1.0691622349936587,1.0,0.8831309937531558,1.0,1.0
'Havana',-1.0875070206770838,1.4370266880578642,0.28688096879478386,1.3772012286115205,7.0
'Helsinki',-0.7071067811865475,1.0,-0.7071067811865475,1.0,1.0
'Hollywood',0.6719584892516867,1.4557267300883567,-0.41033022751345666,1.2083573030130046,3.0
'Hong Kong',0.08614777335508364,0.836480074283052,0.059710769022445244,1.0968962464268783,9.0
'Hungary',0.45346575548314255,0.5930610679181333,0.39074290378316223,1.4283422108832184,4.0
'ISTANBUL',-0.014077623552561924,0.36103312205498383,0.02033351972196612,0.38903332934124124,3.0
'Iceland',0.16436407437995984,0.6997705801376856,-0.08970195805557857,0.7589917438999083,16.0
'India',0.13276427030692659,0.9568417230818741,-0.12710358307410208,0.5213565249599462,27.0
'Iran',0.014105612427762678,1.0119105909999648,0.15228339770784005,0.8842529877376732,231.0
'Iraq',0.607145009212184,1.727795182682089,0.157873602790229,1.237602611573713,3.0
'Ireland',0.42094459943226736,0.6898498137982751,0.11533606206804659,0.9534296882556579,4.0
'Israel',0.039024923702683505,1.0213151310114867,0.18601484962441764,0.8701313798030428,54.0
'Italy',-0.3973631462754455,0.790852188353775,-0.24958582657977793,0.7205248099909843,7.0
'Jamaica',0.5138278536175951,1.0,0.7645813169929937,1.0,1.0
'Japan',0.00038737707334615126,1.37397269223687,-0.17800253281835715,0.8704554332027559,5.0
'Jordan',-0.29061225546937486,0.7797261206964343,-0.9240873427612957,0.2386802172248575,2.0
'Kathmandu',1.467830597298684,1.0,0.6842566127750163,1.0,1.0
'Kazakhstan',0.07947883990899718,1.7859633679689757,-0.5178161157025047,0.09570944165444578,2.0
'Kiev',-0.23186296540880721,0.9402924387647733,0.13040617502575405,1.0685844537295919,51.0
'Kuala Lumpur',-0.12644876889971057,1.0,-1.2348220485327126,1.0,1.0
'Kuwait',0.20603398364513176,1.0,0.770508154797542,1.0,1.0
'Kyiv',-0.019169717410050618,0.6317692817407944,-0.06801589488826262,0.8185075580529747,28.0
'LONDON',-0.1294768156719059,1.1350828678214082,0.33990753120710876,1.075257348439204,14.0
'Laos',-0.4224663272160722,0.9449463447643017,-0.7686762548091571,0.10377217532397932,3.0
'Lebanon',-0.05822913326002721,0.7964356596573329,-0.6389878811744022,0.4864854019694981,6.0
'Liberia',-0.12644876889971057,1.0,-1.0539849271815578,1.0,1.0
'Liechtenstein',0.0,1.0,0.3125,1.0,1.0
'Lithuania',0.4567948011069318,1.4182887373271653,0.9177286277739817,0.7627201522415137,2.0
'Ljubljana',0.17001970518479279,1.0,-0.5545367103614787,1.0,1.0
'Lome',-0.4757821443131107,1.0,-1.1554031936453417,1.0,1.0
'London',0.32270770731631154,1.1528042069236406,0.4194680426778517,0.8597198685667897,6.0
'Los Angeles',-0.06610773159878519,0.8905926623698012,0.020744716835864388,0.9881223172034237,19.0
'Lusaka',0.10446354110697112,0.35917872145291463,-0.16562951769747752,0.6787830231703681,4.0
'MOSCOW',-0.2148686531777606,0.9428167615519529,-0.2327185895926952,0.9833124077334118,64.0
'Macao',0.684948133900526,1.0,-0.554456214926206,1.0,1.0
'Madrid',0.6653653408925829,0.3965755646039063,0.485883278491821,0.5149757648328409,3.0
'Malaysia',-0.2918975176702331,0.05046495234391763,-1.1018784906939982,0.14216521210157823,2.0
'Mali',0.24024882184234947,0.4895928622177015,-0.13041046864822395,0.9358987919503833,7.0
'Manchester',0.3996289039719473,0.7938401780305625,0.4531487659967264,1.4851872861515427,8.0
'Manila',-0.0701411990660634,1.0,-0.8033175397277075,1.0,1.0
'Mexico City',-0.03146853146853148,1.0,0.30536130536130535,1.0,1.0
'Mexico',0.4784045236431217,1.0645410494879566,0.20513979682097436,0.7592670686390003,7.0
'Miami',0.2207230243367615,0.7933052191580069,-0.2009654333969996,1.0397086685716121,29.0
'Moldova',-0.47066797117619297,1.0,-1.096546272050506,1.0,1.0
'Monaco',-0.8068309844742168,1.1645814332367919,-1.03271147293813,0.0186040102280223,2.0
'Morocco',0.23174244754891038,0.9605308140686236,-0.22310027404186586,1.3276665150599776,3.0
'Moscow',-0.17715376495074162,0.9574949369940617,-0.12808424681868374,1.0012864925643643,88.0
'Mumbai',0.11836511076562785,0.7002989440468469,-0.03768829663645323,0.7664793521144038,13.0
'NEW YORK',0.034290078360066666,0.8463820013998253,0.3580056744016834,0.4536814628437923,9.0
'Nepal',-0.6030537639760105,1.0601412630778864,0.24309612983504728,0.8248815115703194,62.0
'New Caledonia',0.3414200871428337,0.5364096132484347,-0.2740542068899352,0.8375482187824059,2.0
'New York',-0.4282683195424071,1.0205093608488964,0.31206224823175455,0.7473535913119497,6.0
'New Zealand',0.06818181818181818,1.0,0.22727272727272727,1.0,1.0
'Niamey',-0.11696820367460681,0.5830892846084168,0.7406722871467811,0.8451660192180956,2.0
'Nicaragua',0.9162870206836264,1.0,0.8649000986673187,1.0,1.0
'Nicosia',0.11136506795764889,1.0,-0.22230966677330993,1.0,1.0
'Niger',0.1662615090148068,0.940921754835094,-0.3252712696840792,0.8797166281413392,10.0
'Nigeria',-0.16227779431670492,1.4405925801391153,0.2834511078181088,1.302226618701725,7.0
'North Korea',0.06669805535431438,1.0949026835996059,-0.3318053687892238,0.6573297670711507,6.0
'Norway',0.555587995079146,0.8031616708183246,-0.507676867328375,0.8965424164305464,4.0
'Nur-Sultan',0.2613095238095238,1.0,0.4714285714285715,1.0,1.0
'Odesa',-0.12946897272104918,0.7907856731451066,-0.6548792745338406,0.8260232532816479,38.0
'Odessa',0.0696457255825774,0.5174988714522718,-0.26921524153379617,0.6482625278904484,13.0
'Oman',0.20203634847814272,0.407688347476399,0.4081767117099842,0.9494910728825385,5.0
'Oslo',-0.6206671808000765,1.0,-2.142776336909928,1.0,1.0
'Ottawa',2.1759164682358043,1.0,1.9217314840249333,1.0,1.0
'Ouagadougou',-0.101814423531253,1.307110129086139,-0.46282322762066835,1.2718804350580617,7.0
'Pakistan',-0.218318809494058,1.1210267794058923,-0.14520024164015738,1.04132727934194,15.0
'Panama City',-0.17065326751412765,1.0,-0.7627252989134481,1.0,1.0
'Paraguay',0.25984977033764095,1.2026156559442163,-0.11362358246516333,0.8603380950522518,10.0
'Paris',-0.054881918920762496,0.6987701396782128,0.41619950269917466,0.8236576263366376,4.0
'Peru',0.6042981859204837,0.6189044298506903,0.6285311107640028,0.05393182036618451,2.0
'Philippines',-0.6304980307132607,0.9522680187573542,0.46712452162148377,0.18247496270609997,2.0
'Plymouth',-0.26236366449626625,1.0,-1.8098791635158664,1.0,1.0
'Poland',0.5114480655720586,0.8981923618926201,-0.37558774026725167,1.0579020200568652,4.0
'Port of Spain',0.6521536955285601,0.49398904484749273,0.7330868693613366,0.2920884444047125,4.0
'Portugal',-0.11499626352547115,0.00833904266550988,0.3670724277024954,0.10515546690317988,2.0
'Prague',-0.24730460821399158,1.0,-1.2299410051992774,1.0,1.0
'Qingdao',-0.42488482642319886,0.7800401294501411,-0.09524339196429436,0.8131167898187318,29.0
'Red Sea',0.11745620789167993,0.7589733883357221,-3.1815651034409284e-05,0.9027375321922041,26.0
'Riyadh',0.05670318643387232,0.6750256072853514,-0.44192416912343563,1.2817188719426011,3.0
'Romania',0.19744061973236024,0.48553417202970117,-0.21417570182237067,0.5844121856899824,3.0
'Rome',-0.8264472191715159,1.5826530839850463,-0.21394693974617596,0.6329748607734218,3.0
'Russia',-0.032281271743795616,0.968196792978699,-0.028484108213680512,0.9974240893970646,242.0
'SEOUL',-0.3059706002680983,1.0,-0.9394464773653256,1.0,1.0
'Sahel',-0.06810680705882041,0.9851276435946962,-0.33698373831251066,0.8956904611659607,26.0
'San Jose',-0.5769923366889022,1.0,-0.14602935148814772,1.0,1.0
'Santiago',-0.8124359836385301,1.0,-0.6632908652754204,1.0,1.0
'Saudi Arabia',0.3098272780496002,0.8944242194912143,0.4357528343613255,0.9612847960960658,13.0
'Scotland',1.4133760026166862,1.0,0.577660426447378,1.0,1.0
'Senegal',0.6684704024178576,1.0057991984342727,-0.014783828767463274,0.8799022447430481,11.0
'Serbia',0.4588682522035546,1.4933621827345427,0.42886749916997646,1.3342674268343557,11.0
'Singapore',0.10159822243878236,0.579026406773219,-1.786630282961391,0.35423230731647065,3.0
'Sint Maarten',0.47045588345032263,1.0,1.151318008264786,1.0,1.0
'Slovakia',0.7071067811865475,1.0,-0.7071067811865464,1.0,1.0
'Somalia',-0.2447273812764314,1.0,-1.5881126849615392,1.0,1.0
'South Africa',1.0622532276627332,0.7848471512461679,0.39341143140698703,1.3764571371571372,3.0
'South Korea',0.19085813835181106,0.8238438459967166,-0.13707234214202732,0.7510450473556552,5.0
'Spain',0.25479294315400897,1.3616311577807967,0.2886520639286057,1.1459983610910582,13.0
'St Petersburg',0.68791316950067,1.0302490398410498,0.2880974584969551,1.020438839038793,7.0
'Stockholm',-0.2447273812764314,1.0,-1.5881126849615392,1.0,1.0
'Sudan',0.3172868446929837,0.49290553275154264,0.02251126881737678,0.4101059965738314,2.0
'Suriname',-0.188209816661696,0.9526349052958628,0.23727053939196244,0.9832169015472823,6.0
'Sweden',0.03691860830888415,1.0378124538489315,0.1261967754320389,0.7386974071193317,12.0
'Switzerland',0.46054998535140934,0.4416481963469188,0.17074358873519835,0.7352808594246234,4.0
'Syria',0.039438333043521144,0.30423199811662893,-0.7510438074001344,0.9012983214366165,3.0
'Taipei',-0.12644876889971057,1.0,2.8340131818682703,1.0,1.0
'Taiwan',0.04835473316901477,1.165353571966298,1.2336329198087592,1.9226555960013598,5.0
'Tehran',-0.12112515288450172,1.1032830763307477,0.13754726317129026,0.876234432174289,15.0
'Texas',0.03695181945456828,0.9021521306509478,0.03773239065321421,0.6948225776185883,10.0
'Thailand',0.16227482127069437,0.635094829069134,-0.23495524519483302,0.7192684482075715,4.0
'Tibet',-0.5479234764465324,0.9153918504954626,0.15583400554489787,1.0148378819403185,69.0
'Tokyo',0.1,1.0,0.175,1.0,1.0
'Turkey',-1.158718163757588,2.310319964089181,0.690387713533521,1.638489025505797,3.0
'Turks and Caicos Islands',-0.1932227387297781,2.6312991170418476,1.9428369541321284,0.886157491988482,3.0
'Tuvalu',0.6655977437370457,1.086572975068553,1.7525517750176025,0.8161493048113236,2.0
'Türkiye',-0.028454012481071267,0.5575012996648778,-0.17542437658701163,0.6674065516371075,7.0
'U.K.',-0.27485258271190316,0.717579454399467,-0.16173238831157427,0.9697086377262294,10.0
'UK',0.19386937240617846,0.8698912007691699,0.034615820622574976,0.941229488885932,79.0
'USA',0.33938757489399235,0.9652045831131247,0.5083600728552746,0.7301066255677748,20.0
'Ukraine',-0.025156474852262762,0.8813463679957243,-0.13819027919807397,0.9524300995664244,463.0
'United Arab Emirates',-0.12644876889971057,1.0,-1.2348220485327126,1.0,1.0
'United States of America',-0.13935948119077712,0.01825850442192336,-0.4989238317056694,1.040717238762981,2.0
'Vaduz',-0.3005972075728099,1.0,-0.7718719901665182,1.0,1.0
'Valletta',1.9194076128650197,1.0,0.5605958961627076,1.0,1.0
'Venezuela',-0.28555400200687264,1.0,1.912112259503581,1.0,1.0
'Vienna',-0.26236366449626625,1.0,0.5246039911148617,1.0,1.0
'Vientiane',-0.6348448713546109,1.0907420384668969,-0.2776723049283816,0.771900684034874,7.0
'Vietnam',0.5757202086334515,1.0,-0.22539452799246856,1.0,1.0
'WASHINGTON',0.014998431021402433,0.6191348045223869,-0.4610731498653701,0.7514331480483236,12.0
'Wallis and Futuna',-0.8103142694104877,1.0,-0.15912777040329298,1.0,1.0
'Warsaw',0.6111567392862908,1.0,0.007252913331493049,1.0,1.0
'Washington',0.13580650407053046,0.8921723418830813,0.45516747996584184,1.1751554971065834,16.0
'Yemen',-0.1183788691899208,0.9782479172276887,0.22516345682871244,1.4031510827142255,28.0
'Zambia',0.3747175250112265,1.0,-0.2425081577773037,1.0,1.0
'Zaporizhzhia',-0.21995188396174573,1.1346305072240765,-0.382258248982195,0.9768167539990076,15.0
'russia',-0.1805393193962234,0.9982505895878061,-0.0866905804968089,0.8363168245977097,79.0
'turkey',-1.2740444239689321,1.0,-0.17181867424736239,1.0,1.0
